hersteller,modell,typ,segment,land,laenge_cm,auslage_cm,gewicht_kg,preis_eur,montagebasis,zaehlt_zur_dachlast,regel,fahrzeugtyp,fahrzeug_beispiele,passform_hinweis,antrieb,montage,url,quelle
Thule (Omnistor),Omnistor 1200,"Sackmarkise (Wohnwagen, Kederschiene)",Van/Wohnmobil,SE/BE,230.0,200.0,9.0,569.0,kederschiene,False,B1,Campingbus mit Kederschiene,"VW T4/T5/T6 mit Kederschiene/Regenrinne, Minicamper","Einzug in Kederschiene, mit Aufstellstangen (P7)",manuell,"Kederschiene, ohne Bohren",https://www.thule.com/de-de/caravans-accessories/awnings,thule.com
Thule (Omnistor),Omnistor 1200,"Sackmarkise (Wohnwagen, Kederschiene)",Van/Wohnmobil,SE/BE,260.0,220.0,,,kederschiene,False,B1,Campingbus mit Kederschiene,"VW T4/T5/T6 mit Kederschiene/Regenrinne, Minicamper","Einzug in Kederschiene, mit Aufstellstangen (P7)",manuell,"Kederschiene, ohne Bohren",https://www.thule.com/de-de/caravans-accessories/awnings,thule.com
Thule (Omnistor),Omnistor 1200,"Sackmarkise (Wohnwagen, Kederschiene)",Van/Wohnmobil,SE/BE,300.0,250.0,,,kederschiene,False,B1,Campingbus mit Kederschiene,"VW T4/T5/T6 mit Kederschiene/Regenrinne, Minicamper","Einzug in Kederschiene, mit Aufstellstangen (P7)",manuell,"Kederschiene, ohne Bohren",https://www.thule.com/de-de/caravans-accessories/awnings,thule.com
Thule (Omnistor),Omnistor 1200,"Sackmarkise (Wohnwagen, Kederschiene)",Van/Wohnmobil,SE/BE,325.0,250.0,,,kederschiene,False,B1,Campingbus mit Kederschiene,"VW T4/T5/T6 mit Kederschiene/Regenrinne, Minicamper","Einzug in Kederschiene, mit Aufstellstangen (P7)",manuell,"Kederschiene, ohne Bohren",https://www.thule.com/de-de/caravans-accessories/awnings,thule.com
Thule (Omnistor),Omnistor 1200,"Sackmarkise (Wohnwagen, Kederschiene)",Van/Wohnmobil,SE/BE,350.0,250.0,,,kederschiene,False,B1,Campingbus mit Kederschiene,"VW T4/T5/T6 mit Kederschiene/Regenrinne, Minicamper","Einzug in Kederschiene, mit Aufstellstangen (P7)",manuell,"Kederschiene, ohne Bohren",https://www.thule.com/de-de/caravans-accessories/awnings,thule.com
Thule (Omnistor),Omnistor 1200,"Sackmarkise (Wohnwagen, Kederschiene)",Van/Wohnmobil,SE/BE,375.0,250.0,,,kederschiene,False,B1,Campingbus mit Kederschiene,"VW T4/T5/T6 mit Kederschiene/Regenrinne, Minicamper","Einzug in Kederschiene, mit Aufstellstangen (P7)",manuell,"Kederschiene, ohne Bohren",https://www.thule.com/de-de/caravans-accessories/awnings,thule.com
Thule (Omnistor),Omnistor 1200,"Sackmarkise (Wohnwagen, Kederschiene)",Van/Wohnmobil,SE/BE,400.0,250.0,,,kederschiene,False,B1,Campingbus mit Kederschiene,"VW T4/T5/T6 mit Kederschiene/Regenrinne, Minicamper","Einzug in Kederschiene, mit Aufstellstangen (P7)",manuell,"Kederschiene, ohne Bohren",https://www.thule.com/de-de/caravans-accessories/awnings,thule.com
Thule (Omnistor),Omnistor 1200,"Sackmarkise (Wohnwagen, Kederschiene)",Van/Wohnmobil,SE/BE,425.0,250.0,,,kederschiene,False,B1,Campingbus mit Kederschiene,"VW T4/T5/T6 mit Kederschiene/Regenrinne, Minicamper","Einzug in Kederschiene, mit Aufstellstangen (P7)",manuell,"Kederschiene, ohne Bohren",https://www.thule.com/de-de/caravans-accessories/awnings,thule.com
Thule (Omnistor),Omnistor 1200,"Sackmarkise (Wohnwagen, Kederschiene)",Van/Wohnmobil,SE/BE,450.0,250.0,,,kederschiene,False,B1,Campingbus mit Kederschiene,"VW T4/T5/T6 mit Kederschiene/Regenrinne, Minicamper","Einzug in Kederschiene, mit Aufstellstangen (P7)",manuell,"Kederschiene, ohne Bohren",https://www.thule.com/de-de/caravans-accessories/awnings,thule.com
Thule (Omnistor),Omnistor 1200,"Sackmarkise (Wohnwagen, Kederschiene)",Van/Wohnmobil,SE/BE,500.0,250.0,,,kederschiene,False,B1,Campingbus mit Kederschiene,"VW T4/T5/T6 mit Kederschiene/Regenrinne, Minicamper","Einzug in Kederschiene, mit Aufstellstangen (P7)",manuell,"Kederschiene, ohne Bohren",https://www.thule.com/de-de/caravans-accessories/awnings,thule.com
Thule (Omnistor),Omnistor 1200,"Sackmarkise (Wohnwagen, Kederschiene)",Van/Wohnmobil,SE/BE,550.0,250.0,,,kederschiene,False,B1,Campingbus mit Kederschiene,"VW T4/T5/T6 mit Kederschiene/Regenrinne, Minicamper","Einzug in Kederschiene, mit Aufstellstangen (P7)",manuell,"Kederschiene, ohne Bohren",https://www.thule.com/de-de/caravans-accessories/awnings,thule.com
Thule (Omnistor),Omnistor 3200,"Kassettenmarkise (Wand), kompakt für Vans",Van/Wohnmobil,SE/BE,190.0,250.0,12.0,579.0,wand,False,W1,Minicamper / Hochdachkombi / kurzer Kompaktvan,"VW Caddy, Renault Kangoo, Berlingo/Rifter","Wandmontage; Regel W: Markisenlänge = nutzbare Wandlänge (P1, P6)",manuell (Handausrollen),"Wandmontage, fahrzeugspezifische Adapter",https://www.thule.com/de-de/awnings/manual-awnings,"camping-eshop.de, lila-bus-shop.de"
Thule (Omnistor),Omnistor 3200,"Kassettenmarkise (Wand), kompakt für Vans",Van/Wohnmobil,SE/BE,230.0,250.0,13.8,599.0,wand,False,W2,"Kompaktvan / Campingbus (4,9-5,4 m)","VW T5/T6/T6.1 (California), V-Klasse/Marco Polo, Ford Nugget","Wandmontage; Regel W: Markisenlänge = nutzbare Wandlänge (P1, P6)",manuell (Handausrollen),"Wandmontage, fahrzeugspezifische Adapter",https://www.thule.com/de-de/awnings/manual-awnings,"camping-eshop.de, lila-bus-shop.de"
Thule (Omnistor),Omnistor 3200,"Kassettenmarkise (Wand), kompakt für Vans",Van/Wohnmobil,SE/BE,250.0,250.0,14.7,609.0,wand,False,W2,"Kompaktvan / Campingbus (4,9-5,4 m)","VW T5/T6/T6.1 (California), V-Klasse/Marco Polo, Ford Nugget","Wandmontage; Regel W: Markisenlänge = nutzbare Wandlänge (P1, P6)",manuell (Handausrollen),"Wandmontage, fahrzeugspezifische Adapter",https://www.thule.com/de-de/awnings/manual-awnings,"camping-eshop.de, lila-bus-shop.de"
Thule (Omnistor),Omnistor 3200,"Kassettenmarkise (Wand), kompakt für Vans",Van/Wohnmobil,SE/BE,270.0,250.0,15.6,629.0,wand,False,W2,"Kompaktvan / Campingbus (4,9-5,4 m)","VW T5/T6/T6.1 (California), V-Klasse/Marco Polo, Ford Nugget","Wandmontage; Regel W: Markisenlänge = nutzbare Wandlänge (P1, P6)",manuell (Handausrollen),"Wandmontage, fahrzeugspezifische Adapter",https://www.thule.com/de-de/awnings/manual-awnings,"camping-eshop.de, lila-bus-shop.de"
Thule (Omnistor),Omnistor 3200,"Kassettenmarkise (Wand), kompakt für Vans",Van/Wohnmobil,SE/BE,300.0,250.0,16.9,649.0,wand,False,W3,"Kastenwagen kurz-mittel (5,4-6 m)","Ducato L2, Jumper/Boxer L2, Crafter/TGE kurz","Wandmontage; Regel W: Markisenlänge = nutzbare Wandlänge (P1, P6)",manuell (Handausrollen),"Wandmontage, fahrzeugspezifische Adapter",https://www.thule.com/de-de/awnings/manual-awnings,"camping-eshop.de, lila-bus-shop.de"
Thule (Omnistor),Thule 4200,"Kassettenmarkise (Wand), kompakt für Vans",Van/Wohnmobil,SE/BE,260.0,200.0,,829.0,wand,False,W2,"Kompaktvan / Campingbus (4,9-5,4 m)","VW T5/T6/T6.1 (California), V-Klasse/Marco Polo, Ford Nugget","Wandmontage; Regel W: Markisenlänge = nutzbare Wandlänge (P1, P6)",manuell (Kurbel),Wandmontage mit Adaptern,https://www.thule.com/de-de/van-accessories/awnings,thule.com
Thule (Omnistor),Thule 4200,"Kassettenmarkise (Wand), kompakt für Vans",Van/Wohnmobil,SE/BE,300.0,250.0,,899.0,wand,False,W3,"Kastenwagen kurz-mittel (5,4-6 m)","Ducato L2, Jumper/Boxer L2, Crafter/TGE kurz","Wandmontage; Regel W: Markisenlänge = nutzbare Wandlänge (P1, P6)",manuell (Kurbel),Wandmontage mit Adaptern,https://www.thule.com/de-de/van-accessories/awnings,thule.com
Thule (Omnistor),Omnistor 5102,"Kassettenmarkise (Wand), VW T5/T6/T6.1",Van/Wohnmobil,SE/BE,260.0,200.0,19.8,749.0,wand,False,S1,Kompaktvan (fahrzeugspezifisch),VW T5 / T6 / T6.1 mit C-Schiene,Nur für Fahrzeuge mit vorhandener C-Schiene,manuell (Kurbel),Adapter für C-Schiene,https://www.thule.com/de-de/awnings,"canvaz.de, camping-eshop.de"
Thule (Omnistor),Omnistor 5200,Kassettenmarkise (Wand),Van/Wohnmobil,SE/BE,192.0,140.0,,799.0,wand,False,W1,Minicamper / Hochdachkombi / kurzer Kompaktvan,"VW Caddy, Renault Kangoo, Berlingo/Rifter","Wandmontage; Regel W: Markisenlänge = nutzbare Wandlänge (P1, P6)","manuell (Kurbel), Motor nachrüstbar",Wandmontage,https://www.thule.com/de-de/awnings/manual-awnings,thule.com (UVP weiß)
Thule (Omnistor),Omnistor 5200,Kassettenmarkise (Wand),Van/Wohnmobil,SE/BE,232.0,180.0,,829.0,wand,False,W2,"Kompaktvan / Campingbus (4,9-5,4 m)","VW T5/T6/T6.1 (California), V-Klasse/Marco Polo, Ford Nugget","Wandmontage; Regel W: Markisenlänge = nutzbare Wandlänge (P1, P6)","manuell (Kurbel), Motor nachrüstbar",Wandmontage,https://www.thule.com/de-de/awnings/manual-awnings,thule.com (UVP weiß)
Thule (Omnistor),Omnistor 5200,Kassettenmarkise (Wand),Van/Wohnmobil,SE/BE,262.0,200.0,,869.0,wand,False,W2,"Kompaktvan / Campingbus (4,9-5,4 m)","VW T5/T6/T6.1 (California), V-Klasse/Marco Polo, Ford Nugget","Wandmontage; Regel W: Markisenlänge = nutzbare Wandlänge (P1, P6)","manuell (Kurbel), Motor nachrüstbar",Wandmontage,https://www.thule.com/de-de/awnings/manual-awnings,thule.com (UVP weiß)
Thule (Omnistor),Omnistor 5200,Kassettenmarkise (Wand),Van/Wohnmobil,SE/BE,302.0,250.0,22.6,949.0,wand,False,W3,"Kastenwagen kurz-mittel (5,4-6 m)","Ducato L2, Jumper/Boxer L2, Crafter/TGE kurz","Wandmontage; Regel W: Markisenlänge = nutzbare Wandlänge (P1, P6)","manuell (Kurbel), Motor nachrüstbar",Wandmontage,https://www.thule.com/de-de/awnings/manual-awnings,thule.com (UVP weiß)
Thule (Omnistor),Omnistor 5200,Kassettenmarkise (Wand),Van/Wohnmobil,SE/BE,315.0,250.0,,1064.0,wand,False,W3,"Kastenwagen kurz-mittel (5,4-6 m)","Ducato L2, Jumper/Boxer L2, Crafter/TGE kurz","Wandmontage; Regel W: Markisenlänge = nutzbare Wandlänge (P1, P6)","manuell (Kurbel), Motor nachrüstbar",Wandmontage,https://www.thule.com/de-de/awnings/manual-awnings,thule.com (UVP weiß)
Thule (Omnistor),Omnistor 5200,Kassettenmarkise (Wand),Van/Wohnmobil,SE/BE,352.0,250.0,,1039.0,wand,False,W4,Kastenwagen lang / teilintegriertes Wohnmobil (6-7 m),"Ducato L3/L4 (Pössl, Boxstar), Sprinter/Crafter lang","Wandmontage; Regel W: Markisenlänge = nutzbare Wandlänge (P1, P6)","manuell (Kurbel), Motor nachrüstbar",Wandmontage,https://www.thule.com/de-de/awnings/manual-awnings,thule.com (UVP weiß)
Thule (Omnistor),Omnistor 5200,Kassettenmarkise (Wand),Van/Wohnmobil,SE/BE,375.0,250.0,,1104.0,wand,False,W4,Kastenwagen lang / teilintegriertes Wohnmobil (6-7 m),"Ducato L3/L4 (Pössl, Boxstar), Sprinter/Crafter lang","Wandmontage; Regel W: Markisenlänge = nutzbare Wandlänge (P1, P6)","manuell (Kurbel), Motor nachrüstbar",Wandmontage,https://www.thule.com/de-de/awnings/manual-awnings,thule.com (UVP weiß)
Thule (Omnistor),Omnistor 5200,Kassettenmarkise (Wand),Van/Wohnmobil,SE/BE,402.0,250.0,,1119.0,wand,False,W4,Kastenwagen lang / teilintegriertes Wohnmobil (6-7 m),"Ducato L3/L4 (Pössl, Boxstar), Sprinter/Crafter lang","Wandmontage; Regel W: Markisenlänge = nutzbare Wandlänge (P1, P6)","manuell (Kurbel), Motor nachrüstbar",Wandmontage,https://www.thule.com/de-de/awnings/manual-awnings,thule.com (UVP weiß)
Thule (Omnistor),Omnistor 5200,Kassettenmarkise (Wand),Van/Wohnmobil,SE/BE,452.0,250.0,,1239.0,wand,False,W5,Teil-/vollintegriertes Wohnmobil (7-8 m),"Hymer B-Klasse, Knaus Sky Ti, Dethleffs Trend","Wandmontage; Regel W: Markisenlänge = nutzbare Wandlänge (P1, P6)","manuell (Kurbel), Motor nachrüstbar",Wandmontage,https://www.thule.com/de-de/awnings/manual-awnings,thule.com (UVP weiß)
Thule (Omnistor),Omnistor 5200,Kassettenmarkise (Wand),Van/Wohnmobil,SE/BE,502.0,250.0,,1369.0,wand,False,W5,Teil-/vollintegriertes Wohnmobil (7-8 m),"Hymer B-Klasse, Knaus Sky Ti, Dethleffs Trend","Wandmontage; Regel W: Markisenlänge = nutzbare Wandlänge (P1, P6)","manuell (Kurbel), Motor nachrüstbar",Wandmontage,https://www.thule.com/de-de/awnings/manual-awnings,thule.com (UVP weiß)
Thule (Omnistor),Omnistor 6300,Kassettenmarkise (Dach),Van/Wohnmobil,SE/BE,260.0,200.0,,929.0,dach,True,W2,"Kompaktvan / Campingbus (4,9-5,4 m)","VW T5/T6/T6.1 (California), V-Klasse/Marco Polo, Ford Nugget","Dachmontage; Regel W: Markisenlänge = nutzbare Wandlänge (P1, P6)","manuell (Kurbel), 12V-Motor-Kit optional",Dachmontage,https://www.thule.com/de-de/awnings/manual-awnings,thule.com (UVP weiß)
Thule (Omnistor),Omnistor 6300,Kassettenmarkise (Dach),Van/Wohnmobil,SE/BE,300.0,250.0,,1009.0,dach,True,W3,"Kastenwagen kurz-mittel (5,4-6 m)","Ducato L2, Jumper/Boxer L2, Crafter/TGE kurz","Dachmontage; Regel W: Markisenlänge = nutzbare Wandlänge (P1, P6)","manuell (Kurbel), 12V-Motor-Kit optional",Dachmontage,https://www.thule.com/de-de/awnings/manual-awnings,thule.com (UVP weiß)
Thule (Omnistor),Omnistor 6300,Kassettenmarkise (Dach),Van/Wohnmobil,SE/BE,325.0,250.0,,1149.0,dach,True,W3,"Kastenwagen kurz-mittel (5,4-6 m)","Ducato L2, Jumper/Boxer L2, Crafter/TGE kurz","Dachmontage; Regel W: Markisenlänge = nutzbare Wandlänge (P1, P6)","manuell (Kurbel), 12V-Motor-Kit optional",Dachmontage,https://www.thule.com/de-de/awnings/manual-awnings,thule.com (UVP weiß)
Thule (Omnistor),Omnistor 6300,Kassettenmarkise (Dach),Van/Wohnmobil,SE/BE,350.0,250.0,,1149.0,dach,True,W4,Kastenwagen lang / teilintegriertes Wohnmobil (6-7 m),"Ducato L3/L4 (Pössl, Boxstar), Sprinter/Crafter lang","Dachmontage; Regel W: Markisenlänge = nutzbare Wandlänge (P1, P6)","manuell (Kurbel), 12V-Motor-Kit optional",Dachmontage,https://www.thule.com/de-de/awnings/manual-awnings,thule.com (UVP weiß)
Thule (Omnistor),Omnistor 6300,Kassettenmarkise (Dach),Van/Wohnmobil,SE/BE,375.0,250.0,,1209.0,dach,True,W4,Kastenwagen lang / teilintegriertes Wohnmobil (6-7 m),"Ducato L3/L4 (Pössl, Boxstar), Sprinter/Crafter lang","Dachmontage; Regel W: Markisenlänge = nutzbare Wandlänge (P1, P6)","manuell (Kurbel), 12V-Motor-Kit optional",Dachmontage,https://www.thule.com/de-de/awnings/manual-awnings,thule.com (UVP weiß)
Thule (Omnistor),Omnistor 6300,Kassettenmarkise (Dach),Van/Wohnmobil,SE/BE,400.0,250.0,30.5,1239.0,dach,True,W4,Kastenwagen lang / teilintegriertes Wohnmobil (6-7 m),"Ducato L3/L4 (Pössl, Boxstar), Sprinter/Crafter lang","Dachmontage; Regel W: Markisenlänge = nutzbare Wandlänge (P1, P6)","manuell (Kurbel), 12V-Motor-Kit optional",Dachmontage,https://www.thule.com/de-de/awnings/manual-awnings,thule.com (UVP weiß)
Thule (Omnistor),Omnistor 6300,Kassettenmarkise (Dach),Van/Wohnmobil,SE/BE,425.0,250.0,,1319.0,dach,True,W5,Teil-/vollintegriertes Wohnmobil (7-8 m),"Hymer B-Klasse, Knaus Sky Ti, Dethleffs Trend","Dachmontage; Regel W: Markisenlänge = nutzbare Wandlänge (P1, P6)","manuell (Kurbel), 12V-Motor-Kit optional",Dachmontage,https://www.thule.com/de-de/awnings/manual-awnings,thule.com (UVP weiß)
Thule (Omnistor),Omnistor 6300,Kassettenmarkise (Dach),Van/Wohnmobil,SE/BE,450.0,250.0,,1319.0,dach,True,W5,Teil-/vollintegriertes Wohnmobil (7-8 m),"Hymer B-Klasse, Knaus Sky Ti, Dethleffs Trend","Dachmontage; Regel W: Markisenlänge = nutzbare Wandlänge (P1, P6)","manuell (Kurbel), 12V-Motor-Kit optional",Dachmontage,https://www.thule.com/de-de/awnings/manual-awnings,thule.com (UVP weiß)
Thule (Omnistor),Omnistor 6300,Kassettenmarkise (Dach),Van/Wohnmobil,SE/BE,500.0,250.0,,1419.0,dach,True,W5,Teil-/vollintegriertes Wohnmobil (7-8 m),"Hymer B-Klasse, Knaus Sky Ti, Dethleffs Trend","Dachmontage; Regel W: Markisenlänge = nutzbare Wandlänge (P1, P6)","manuell (Kurbel), 12V-Motor-Kit optional",Dachmontage,https://www.thule.com/de-de/awnings/manual-awnings,thule.com (UVP weiß)
Thule (Omnistor),Omnistor 8000,"Kassettenmarkise (Wand), große Wohnmobile",Van/Wohnmobil,SE/BE,400.0,275.0,41.4,1429.0,wand,False,W4,Kastenwagen lang / teilintegriertes Wohnmobil (6-7 m),"Ducato L3/L4 (Pössl, Boxstar), Sprinter/Crafter lang","Wandmontage; Regel W: Markisenlänge = nutzbare Wandlänge (P1, P6)","manuell (Kurbel), 230V-Motor nachrüstbar",Wandmontage,https://www.thule.com/de-de/awnings/manual-awnings,"thule.com, cara-tech-24.eu"
Thule (Omnistor),Omnistor 8000,"Kassettenmarkise (Wand), große Wohnmobile",Van/Wohnmobil,SE/BE,450.0,275.0,44.6,1599.0,wand,False,W5,Teil-/vollintegriertes Wohnmobil (7-8 m),"Hymer B-Klasse, Knaus Sky Ti, Dethleffs Trend","Wandmontage; Regel W: Markisenlänge = nutzbare Wandlänge (P1, P6)","manuell (Kurbel), 230V-Motor nachrüstbar",Wandmontage,https://www.thule.com/de-de/awnings/manual-awnings,"thule.com, cara-tech-24.eu"
Thule (Omnistor),Omnistor 8000,"Kassettenmarkise (Wand), große Wohnmobile",Van/Wohnmobil,SE/BE,500.0,275.0,48.2,,wand,False,W5,Teil-/vollintegriertes Wohnmobil (7-8 m),"Hymer B-Klasse, Knaus Sky Ti, Dethleffs Trend","Wandmontage; Regel W: Markisenlänge = nutzbare Wandlänge (P1, P6)","manuell (Kurbel), 230V-Motor nachrüstbar",Wandmontage,https://www.thule.com/de-de/awnings/manual-awnings,"thule.com, cara-tech-24.eu"
Thule (Omnistor),Omnistor 8000,"Kassettenmarkise (Wand), große Wohnmobile",Van/Wohnmobil,SE/BE,550.0,275.0,51.8,2204.0,wand,False,W6,Großes Wohnmobil / Liner (ab 8 m),"Concorde, Morelo, lange Vollintegrierte","Wandmontage; Regel W: Markisenlänge = nutzbare Wandlänge (P1, P6)","manuell (Kurbel), 230V-Motor nachrüstbar",Wandmontage,https://www.thule.com/de-de/awnings/manual-awnings,"thule.com, cara-tech-24.eu"
Thule (Omnistor),Omnistor 8000,"Kassettenmarkise (Wand), große Wohnmobile",Van/Wohnmobil,SE/BE,600.0,275.0,55.4,,wand,False,W6,Großes Wohnmobil / Liner (ab 8 m),"Concorde, Morelo, lange Vollintegrierte","Wandmontage; Regel W: Markisenlänge = nutzbare Wandlänge (P1, P6)","manuell (Kurbel), 230V-Motor nachrüstbar",Wandmontage,https://www.thule.com/de-de/awnings/manual-awnings,"thule.com, cara-tech-24.eu"
Thule (Omnistor),Omnistor 9200,"Kassettenmarkise (Dach), größte Baureihe",Van/Wohnmobil,SE/BE,400.0,300.0,42.4,1734.0,dach,True,W4,Kastenwagen lang / teilintegriertes Wohnmobil (6-7 m),"Ducato L3/L4 (Pössl, Boxstar), Sprinter/Crafter lang","Dachmontage; Regel W: Markisenlänge = nutzbare Wandlänge (P1, P6)","manuell (Kurbel), 230V-Motor-Kit optional",Dachmontage,https://www.thule.com/de-de/awnings,thule.com
Thule (Omnistor),Omnistor 9200,"Kassettenmarkise (Dach), größte Baureihe",Van/Wohnmobil,SE/BE,450.0,300.0,45.6,1974.0,dach,True,W5,Teil-/vollintegriertes Wohnmobil (7-8 m),"Hymer B-Klasse, Knaus Sky Ti, Dethleffs Trend","Dachmontage; Regel W: Markisenlänge = nutzbare Wandlänge (P1, P6)","manuell (Kurbel), 230V-Motor-Kit optional",Dachmontage,https://www.thule.com/de-de/awnings,thule.com
Thule (Omnistor),Omnistor 9200,"Kassettenmarkise (Dach), größte Baureihe",Van/Wohnmobil,SE/BE,500.0,300.0,,,dach,True,W5,Teil-/vollintegriertes Wohnmobil (7-8 m),"Hymer B-Klasse, Knaus Sky Ti, Dethleffs Trend","Dachmontage; Regel W: Markisenlänge = nutzbare Wandlänge (P1, P6)","manuell (Kurbel), 230V-Motor-Kit optional",Dachmontage,https://www.thule.com/de-de/awnings,thule.com
Thule (Omnistor),Omnistor 9200,"Kassettenmarkise (Dach), größte Baureihe",Van/Wohnmobil,SE/BE,550.0,300.0,,,dach,True,W6,Großes Wohnmobil / Liner (ab 8 m),"Concorde, Morelo, lange Vollintegrierte","Dachmontage; Regel W: Markisenlänge = nutzbare Wandlänge (P1, P6)","manuell (Kurbel), 230V-Motor-Kit optional",Dachmontage,https://www.thule.com/de-de/awnings,thule.com
Thule (Omnistor),Omnistor 9200,"Kassettenmarkise (Dach), größte Baureihe",Van/Wohnmobil,SE/BE,600.0,300.0,,,dach,True,W6,Großes Wohnmobil / Liner (ab 8 m),"Concorde, Morelo, lange Vollintegrierte","Dachmontage; Regel W: Markisenlänge = nutzbare Wandlänge (P1, P6)","manuell (Kurbel), 230V-Motor-Kit optional",Dachmontage,https://www.thule.com/de-de/awnings,thule.com
Thule,Outland Awning,Seitenmarkise (Box) mit Stützfüßen,Offroad/Dachzelt,SE,190.0,250.0,12.0,800.0,dach,True,D2,SUV / Geländewagen mittlerer Größe,"Defender 90/110, Jeep Wrangler, RAV4, Tiguan, Pickup Einzelkabine","Dachträger erforderlich; Regel D nach Dachlänge (P2, P3)",manuell,Dachträger,https://www.thule.com/de-de/rooftop-tents-and-accessories,thule.com (DE nur 190-cm-Variante)
Fiamma,F35 Pro,Rollmarkise/Sackmarkise (Alu-Gehäuse),Van/Wohnmobil,IT,180.0,180.0,8.5,,wand,False,W1,Minicamper / Hochdachkombi / kurzer Kompaktvan,"VW Caddy, Renault Kangoo, Berlingo/Rifter","Wandmontage; Regel W: Markisenlänge = nutzbare Wandlänge (P1, P6)",manuell (Handausrollen),Wand/Dachträger/Reling per Adapter-Kit,https://www.fiamma.com/en/products/awnings,"camperlands.co.uk, vanlifemag.de; DE ca. 330-500 EUR"
Fiamma,F35 Pro,Rollmarkise/Sackmarkise (Alu-Gehäuse),Van/Wohnmobil,IT,220.0,225.0,10.5,,wand,False,W2,"Kompaktvan / Campingbus (4,9-5,4 m)","VW T5/T6/T6.1 (California), V-Klasse/Marco Polo, Ford Nugget","Wandmontage; Regel W: Markisenlänge = nutzbare Wandlänge (P1, P6)",manuell (Handausrollen),Wand/Dachträger/Reling per Adapter-Kit,https://www.fiamma.com/en/products/awnings,"camperlands.co.uk, vanlifemag.de; DE ca. 330-500 EUR"
Fiamma,F35 Pro,Rollmarkise/Sackmarkise (Alu-Gehäuse),Van/Wohnmobil,IT,250.0,225.0,11.5,,wand,False,W2,"Kompaktvan / Campingbus (4,9-5,4 m)","VW T5/T6/T6.1 (California), V-Klasse/Marco Polo, Ford Nugget","Wandmontage; Regel W: Markisenlänge = nutzbare Wandlänge (P1, P6)",manuell (Handausrollen),Wand/Dachträger/Reling per Adapter-Kit,https://www.fiamma.com/en/products/awnings,"camperlands.co.uk, vanlifemag.de; DE ca. 330-500 EUR"
Fiamma,F35 Pro,Rollmarkise/Sackmarkise (Alu-Gehäuse),Van/Wohnmobil,IT,270.0,225.0,13.0,,wand,False,W2,"Kompaktvan / Campingbus (4,9-5,4 m)","VW T5/T6/T6.1 (California), V-Klasse/Marco Polo, Ford Nugget","Wandmontage; Regel W: Markisenlänge = nutzbare Wandlänge (P1, P6)",manuell (Handausrollen),Wand/Dachträger/Reling per Adapter-Kit,https://www.fiamma.com/en/products/awnings,"camperlands.co.uk, vanlifemag.de; DE ca. 330-500 EUR"
Fiamma,F35 Pro,Rollmarkise/Sackmarkise (Alu-Gehäuse),Van/Wohnmobil,IT,300.0,225.0,14.0,,wand,False,W3,"Kastenwagen kurz-mittel (5,4-6 m)","Ducato L2, Jumper/Boxer L2, Crafter/TGE kurz","Wandmontage; Regel W: Markisenlänge = nutzbare Wandlänge (P1, P6)",manuell (Handausrollen),Wand/Dachträger/Reling per Adapter-Kit,https://www.fiamma.com/en/products/awnings,"camperlands.co.uk, vanlifemag.de; DE ca. 330-500 EUR"
Fiamma,F40van,"Kassettenmarkise (Dach), flach für Kompakt-Vans",Van/Wohnmobil,IT,270.0,225.0,19.0,809.0,dach,True,S3,Kompaktvan,"VW T5/T6/T6.1, Mercedes V-Klasse/Marco Polo, PSA-Vans (Campster u.ä.)","Flache Kassette (12,5 cm) speziell für Kompakt-Vans, Dachmontage ohne Bohren",manuell (Kurbel),"Dachmontage, fahrzeugspezifisch, kein Bohren",https://www.fiamma.com/en/products/awnings,camping-factory.com; DE ca. 750-980 EUR
Fiamma,F45s,"Kassettenmarkise (Wand), Bestseller",Van/Wohnmobil,IT,190.0,100.0,11.5,,wand,False,W1,Minicamper / Hochdachkombi / kurzer Kompaktvan,"VW Caddy, Renault Kangoo, Berlingo/Rifter","Wandmontage; Regel W: Markisenlänge = nutzbare Wandlänge (P1, P6)","manuell (Kurbel), 12V-Motor-Kit optional","Wandmontage, fahrzeugspezifische Adapter",https://www.fiamma.com/en/products/awnings,"padabo.de, agentfiamma.co.uk; DE ca. 600-1100 EUR"
Fiamma,F45s,"Kassettenmarkise (Wand), Bestseller",Van/Wohnmobil,IT,230.0,150.0,16.5,,wand,False,W2,"Kompaktvan / Campingbus (4,9-5,4 m)","VW T5/T6/T6.1 (California), V-Klasse/Marco Polo, Ford Nugget","Wandmontage; Regel W: Markisenlänge = nutzbare Wandlänge (P1, P6)","manuell (Kurbel), 12V-Motor-Kit optional","Wandmontage, fahrzeugspezifische Adapter",https://www.fiamma.com/en/products/awnings,"padabo.de, agentfiamma.co.uk; DE ca. 600-1100 EUR"
Fiamma,F45s,"Kassettenmarkise (Wand), Bestseller",Van/Wohnmobil,IT,260.0,200.0,19.5,,wand,False,W2,"Kompaktvan / Campingbus (4,9-5,4 m)","VW T5/T6/T6.1 (California), V-Klasse/Marco Polo, Ford Nugget","Wandmontage; Regel W: Markisenlänge = nutzbare Wandlänge (P1, P6)","manuell (Kurbel), 12V-Motor-Kit optional","Wandmontage, fahrzeugspezifische Adapter",https://www.fiamma.com/en/products/awnings,"padabo.de, agentfiamma.co.uk; DE ca. 600-1100 EUR"
Fiamma,F45s,"Kassettenmarkise (Wand), Bestseller",Van/Wohnmobil,IT,300.0,250.0,23.0,,wand,False,W3,"Kastenwagen kurz-mittel (5,4-6 m)","Ducato L2, Jumper/Boxer L2, Crafter/TGE kurz","Wandmontage; Regel W: Markisenlänge = nutzbare Wandlänge (P1, P6)","manuell (Kurbel), 12V-Motor-Kit optional","Wandmontage, fahrzeugspezifische Adapter",https://www.fiamma.com/en/products/awnings,"padabo.de, agentfiamma.co.uk; DE ca. 600-1100 EUR"
Fiamma,F45s,"Kassettenmarkise (Wand), Bestseller",Van/Wohnmobil,IT,325.0,250.0,24.0,,wand,False,W3,"Kastenwagen kurz-mittel (5,4-6 m)","Ducato L2, Jumper/Boxer L2, Crafter/TGE kurz","Wandmontage; Regel W: Markisenlänge = nutzbare Wandlänge (P1, P6)","manuell (Kurbel), 12V-Motor-Kit optional","Wandmontage, fahrzeugspezifische Adapter",https://www.fiamma.com/en/products/awnings,"padabo.de, agentfiamma.co.uk; DE ca. 600-1100 EUR"
Fiamma,F45s,"Kassettenmarkise (Wand), Bestseller",Van/Wohnmobil,IT,350.0,250.0,25.0,,wand,False,W4,Kastenwagen lang / teilintegriertes Wohnmobil (6-7 m),"Ducato L3/L4 (Pössl, Boxstar), Sprinter/Crafter lang","Wandmontage; Regel W: Markisenlänge = nutzbare Wandlänge (P1, P6)","manuell (Kurbel), 12V-Motor-Kit optional","Wandmontage, fahrzeugspezifische Adapter",https://www.fiamma.com/en/products/awnings,"padabo.de, agentfiamma.co.uk; DE ca. 600-1100 EUR"
Fiamma,F45s,"Kassettenmarkise (Wand), Bestseller",Van/Wohnmobil,IT,375.0,250.0,26.0,,wand,False,W4,Kastenwagen lang / teilintegriertes Wohnmobil (6-7 m),"Ducato L3/L4 (Pössl, Boxstar), Sprinter/Crafter lang","Wandmontage; Regel W: Markisenlänge = nutzbare Wandlänge (P1, P6)","manuell (Kurbel), 12V-Motor-Kit optional","Wandmontage, fahrzeugspezifische Adapter",https://www.fiamma.com/en/products/awnings,"padabo.de, agentfiamma.co.uk; DE ca. 600-1100 EUR"
Fiamma,F45s,"Kassettenmarkise (Wand), Bestseller",Van/Wohnmobil,IT,400.0,250.0,27.0,,wand,False,W4,Kastenwagen lang / teilintegriertes Wohnmobil (6-7 m),"Ducato L3/L4 (Pössl, Boxstar), Sprinter/Crafter lang","Wandmontage; Regel W: Markisenlänge = nutzbare Wandlänge (P1, P6)","manuell (Kurbel), 12V-Motor-Kit optional","Wandmontage, fahrzeugspezifische Adapter",https://www.fiamma.com/en/products/awnings,"padabo.de, agentfiamma.co.uk; DE ca. 600-1100 EUR"
Fiamma,F45s,"Kassettenmarkise (Wand), Bestseller",Van/Wohnmobil,IT,425.0,250.0,28.2,,wand,False,W5,Teil-/vollintegriertes Wohnmobil (7-8 m),"Hymer B-Klasse, Knaus Sky Ti, Dethleffs Trend","Wandmontage; Regel W: Markisenlänge = nutzbare Wandlänge (P1, P6)","manuell (Kurbel), 12V-Motor-Kit optional","Wandmontage, fahrzeugspezifische Adapter",https://www.fiamma.com/en/products/awnings,"padabo.de, agentfiamma.co.uk; DE ca. 600-1100 EUR"
Fiamma,F45s,"Kassettenmarkise (Wand), Bestseller",Van/Wohnmobil,IT,450.0,250.0,29.5,,wand,False,W5,Teil-/vollintegriertes Wohnmobil (7-8 m),"Hymer B-Klasse, Knaus Sky Ti, Dethleffs Trend","Wandmontage; Regel W: Markisenlänge = nutzbare Wandlänge (P1, P6)","manuell (Kurbel), 12V-Motor-Kit optional","Wandmontage, fahrzeugspezifische Adapter",https://www.fiamma.com/en/products/awnings,"padabo.de, agentfiamma.co.uk; DE ca. 600-1100 EUR"
Fiamma,F45L,"Kassettenmarkise (Wand), lange Fahrzeuge",Van/Wohnmobil,IT,450.0,250.0,39.0,,wand,False,W5,Teil-/vollintegriertes Wohnmobil (7-8 m),"Hymer B-Klasse, Knaus Sky Ti, Dethleffs Trend","Wandmontage; Regel W: Markisenlänge = nutzbare Wandlänge (P1, P6)","manuell (Kurbel), 12V-Motor-Kit optional",Wandmontage,https://www.fiamma.com/en/products/awnings,agentfiamma.co.uk; DE ca. 1100-1500 EUR
Fiamma,F45L,"Kassettenmarkise (Wand), lange Fahrzeuge",Van/Wohnmobil,IT,500.0,250.0,42.5,,wand,False,W5,Teil-/vollintegriertes Wohnmobil (7-8 m),"Hymer B-Klasse, Knaus Sky Ti, Dethleffs Trend","Wandmontage; Regel W: Markisenlänge = nutzbare Wandlänge (P1, P6)","manuell (Kurbel), 12V-Motor-Kit optional",Wandmontage,https://www.fiamma.com/en/products/awnings,agentfiamma.co.uk; DE ca. 1100-1500 EUR
Fiamma,F45L,"Kassettenmarkise (Wand), lange Fahrzeuge",Van/Wohnmobil,IT,550.0,250.0,46.5,,wand,False,W6,Großes Wohnmobil / Liner (ab 8 m),"Concorde, Morelo, lange Vollintegrierte","Wandmontage; Regel W: Markisenlänge = nutzbare Wandlänge (P1, P6)","manuell (Kurbel), 12V-Motor-Kit optional",Wandmontage,https://www.fiamma.com/en/products/awnings,agentfiamma.co.uk; DE ca. 1100-1500 EUR
Fiamma,F65s,Kassettenmarkise (Dach),Van/Wohnmobil,IT,290.0,200.0,,,dach,True,W3,"Kastenwagen kurz-mittel (5,4-6 m)","Ducato L2, Jumper/Boxer L2, Crafter/TGE kurz","Dachmontage; Regel W: Markisenlänge = nutzbare Wandlänge (P1, P6)","manuell (Kurbel), 12V-Motor-Kit optional",Dachmontage (Sprinter/Crafter/Ducato u.a.),https://www.fiamma.com/en/products/awnings,"reimo.com, freizeitwelt.de; DE ca. 750-950 EUR"
Fiamma,F65s,Kassettenmarkise (Dach),Van/Wohnmobil,IT,320.0,250.0,,784.0,dach,True,W3,"Kastenwagen kurz-mittel (5,4-6 m)","Ducato L2, Jumper/Boxer L2, Crafter/TGE kurz","Dachmontage; Regel W: Markisenlänge = nutzbare Wandlänge (P1, P6)","manuell (Kurbel), 12V-Motor-Kit optional",Dachmontage (Sprinter/Crafter/Ducato u.a.),https://www.fiamma.com/en/products/awnings,"reimo.com, freizeitwelt.de; DE ca. 750-950 EUR"
Fiamma,F65s,Kassettenmarkise (Dach),Van/Wohnmobil,IT,340.0,250.0,28.0,,dach,True,W4,Kastenwagen lang / teilintegriertes Wohnmobil (6-7 m),"Ducato L3/L4 (Pössl, Boxstar), Sprinter/Crafter lang","Dachmontage; Regel W: Markisenlänge = nutzbare Wandlänge (P1, P6)","manuell (Kurbel), 12V-Motor-Kit optional",Dachmontage (Sprinter/Crafter/Ducato u.a.),https://www.fiamma.com/en/products/awnings,"reimo.com, freizeitwelt.de; DE ca. 750-950 EUR"
Fiamma,F65s,Kassettenmarkise (Dach),Van/Wohnmobil,IT,370.0,250.0,30.0,789.0,dach,True,W4,Kastenwagen lang / teilintegriertes Wohnmobil (6-7 m),"Ducato L3/L4 (Pössl, Boxstar), Sprinter/Crafter lang","Dachmontage; Regel W: Markisenlänge = nutzbare Wandlänge (P1, P6)","manuell (Kurbel), 12V-Motor-Kit optional",Dachmontage (Sprinter/Crafter/Ducato u.a.),https://www.fiamma.com/en/products/awnings,"reimo.com, freizeitwelt.de; DE ca. 750-950 EUR"
Fiamma,F65s,Kassettenmarkise (Dach),Van/Wohnmobil,IT,400.0,250.0,,,dach,True,W4,Kastenwagen lang / teilintegriertes Wohnmobil (6-7 m),"Ducato L3/L4 (Pössl, Boxstar), Sprinter/Crafter lang","Dachmontage; Regel W: Markisenlänge = nutzbare Wandlänge (P1, P6)","manuell (Kurbel), 12V-Motor-Kit optional",Dachmontage (Sprinter/Crafter/Ducato u.a.),https://www.fiamma.com/en/products/awnings,"reimo.com, freizeitwelt.de; DE ca. 750-950 EUR"
Fiamma,F65L,"Kassettenmarkise (Dach), große Fahrzeuge",Van/Wohnmobil,IT,400.0,250.0,35.5,1196.0,dach,True,W4,Kastenwagen lang / teilintegriertes Wohnmobil (6-7 m),"Ducato L3/L4 (Pössl, Boxstar), Sprinter/Crafter lang","Dachmontage; Regel W: Markisenlänge = nutzbare Wandlänge (P1, P6)","manuell (Kurbel), 12V-Motor-Kit optional",Dachmontage,https://www.fiamma.it/de/f65-l-titanium-400-490-de,"freizeitwelt.de, fiamma.it; DE ca. 1100-1500 EUR"
Fiamma,F65L,"Kassettenmarkise (Dach), große Fahrzeuge",Van/Wohnmobil,IT,450.0,250.0,,,dach,True,W5,Teil-/vollintegriertes Wohnmobil (7-8 m),"Hymer B-Klasse, Knaus Sky Ti, Dethleffs Trend","Dachmontage; Regel W: Markisenlänge = nutzbare Wandlänge (P1, P6)","manuell (Kurbel), 12V-Motor-Kit optional",Dachmontage,https://www.fiamma.it/de/f65-l-titanium-400-490-de,"freizeitwelt.de, fiamma.it; DE ca. 1100-1500 EUR"
Fiamma,F65L,"Kassettenmarkise (Dach), große Fahrzeuge",Van/Wohnmobil,IT,490.0,250.0,,,dach,True,W5,Teil-/vollintegriertes Wohnmobil (7-8 m),"Hymer B-Klasse, Knaus Sky Ti, Dethleffs Trend","Dachmontage; Regel W: Markisenlänge = nutzbare Wandlänge (P1, P6)","manuell (Kurbel), 12V-Motor-Kit optional",Dachmontage,https://www.fiamma.it/de/f65-l-titanium-400-490-de,"freizeitwelt.de, fiamma.it; DE ca. 1100-1500 EUR"
Fiamma,F80s,"Kassettenmarkise (Dach), flaches Gehäuse",Van/Wohnmobil,IT,290.0,200.0,27.0,699.0,dach,True,W3,"Kastenwagen kurz-mittel (5,4-6 m)","Ducato L2, Jumper/Boxer L2, Crafter/TGE kurz","Dachmontage; Regel W: Markisenlänge = nutzbare Wandlänge (P1, P6)","manuell (Kurbel), 12V-Motor-Kit optional","Dachmontage, fahrzeugspezifische Adapter",https://www.fiamma.com/en/products/awnings,"padabo.de, campingwagner.de"
Fiamma,F80s,"Kassettenmarkise (Dach), flaches Gehäuse",Van/Wohnmobil,IT,320.0,250.0,29.0,699.0,dach,True,W3,"Kastenwagen kurz-mittel (5,4-6 m)","Ducato L2, Jumper/Boxer L2, Crafter/TGE kurz","Dachmontage; Regel W: Markisenlänge = nutzbare Wandlänge (P1, P6)","manuell (Kurbel), 12V-Motor-Kit optional","Dachmontage, fahrzeugspezifische Adapter",https://www.fiamma.com/en/products/awnings,"padabo.de, campingwagner.de"
Fiamma,F80s,"Kassettenmarkise (Dach), flaches Gehäuse",Van/Wohnmobil,IT,340.0,250.0,30.0,699.0,dach,True,W4,Kastenwagen lang / teilintegriertes Wohnmobil (6-7 m),"Ducato L3/L4 (Pössl, Boxstar), Sprinter/Crafter lang","Dachmontage; Regel W: Markisenlänge = nutzbare Wandlänge (P1, P6)","manuell (Kurbel), 12V-Motor-Kit optional","Dachmontage, fahrzeugspezifische Adapter",https://www.fiamma.com/en/products/awnings,"padabo.de, campingwagner.de"
Fiamma,F80s,"Kassettenmarkise (Dach), flaches Gehäuse",Van/Wohnmobil,IT,370.0,250.0,32.0,749.0,dach,True,W4,Kastenwagen lang / teilintegriertes Wohnmobil (6-7 m),"Ducato L3/L4 (Pössl, Boxstar), Sprinter/Crafter lang","Dachmontage; Regel W: Markisenlänge = nutzbare Wandlänge (P1, P6)","manuell (Kurbel), 12V-Motor-Kit optional","Dachmontage, fahrzeugspezifische Adapter",https://www.fiamma.com/en/products/awnings,"padabo.de, campingwagner.de"
Fiamma,F80s,"Kassettenmarkise (Dach), flaches Gehäuse",Van/Wohnmobil,IT,400.0,250.0,34.0,799.0,dach,True,W4,Kastenwagen lang / teilintegriertes Wohnmobil (6-7 m),"Ducato L3/L4 (Pössl, Boxstar), Sprinter/Crafter lang","Dachmontage; Regel W: Markisenlänge = nutzbare Wandlänge (P1, P6)","manuell (Kurbel), 12V-Motor-Kit optional","Dachmontage, fahrzeugspezifische Adapter",https://www.fiamma.com/en/products/awnings,"padabo.de, campingwagner.de"
Fiamma,F80s,"Kassettenmarkise (Dach), flaches Gehäuse",Van/Wohnmobil,IT,425.0,250.0,35.0,849.0,dach,True,W5,Teil-/vollintegriertes Wohnmobil (7-8 m),"Hymer B-Klasse, Knaus Sky Ti, Dethleffs Trend","Dachmontage; Regel W: Markisenlänge = nutzbare Wandlänge (P1, P6)","manuell (Kurbel), 12V-Motor-Kit optional","Dachmontage, fahrzeugspezifische Adapter",https://www.fiamma.com/en/products/awnings,"padabo.de, campingwagner.de"
Fiamma,F80s,"Kassettenmarkise (Dach), flaches Gehäuse",Van/Wohnmobil,IT,450.0,250.0,36.5,899.0,dach,True,W5,Teil-/vollintegriertes Wohnmobil (7-8 m),"Hymer B-Klasse, Knaus Sky Ti, Dethleffs Trend","Dachmontage; Regel W: Markisenlänge = nutzbare Wandlänge (P1, P6)","manuell (Kurbel), 12V-Motor-Kit optional","Dachmontage, fahrzeugspezifische Adapter",https://www.fiamma.com/en/products/awnings,"padabo.de, campingwagner.de"
Fiamma,F80L,"Kassettenmarkise (Dach), große Wohnmobile",Van/Wohnmobil,IT,450.0,275.0,43.8,,dach,True,W5,Teil-/vollintegriertes Wohnmobil (7-8 m),"Hymer B-Klasse, Knaus Sky Ti, Dethleffs Trend","Dachmontage; Regel W: Markisenlänge = nutzbare Wandlänge (P1, P6)","manuell (Kurbel), 12V-Motor-Kit optional",Dachmontage,https://www.fiamma.com/en/products/awnings,padabo.de; DE ca. 1200-1800 EUR
Fiamma,F80L,"Kassettenmarkise (Dach), große Wohnmobile",Van/Wohnmobil,IT,500.0,275.0,46.5,,dach,True,W5,Teil-/vollintegriertes Wohnmobil (7-8 m),"Hymer B-Klasse, Knaus Sky Ti, Dethleffs Trend","Dachmontage; Regel W: Markisenlänge = nutzbare Wandlänge (P1, P6)","manuell (Kurbel), 12V-Motor-Kit optional",Dachmontage,https://www.fiamma.com/en/products/awnings,padabo.de; DE ca. 1200-1800 EUR
Fiamma,F80L,"Kassettenmarkise (Dach), große Wohnmobile",Van/Wohnmobil,IT,550.0,275.0,49.0,,dach,True,W6,Großes Wohnmobil / Liner (ab 8 m),"Concorde, Morelo, lange Vollintegrierte","Dachmontage; Regel W: Markisenlänge = nutzbare Wandlänge (P1, P6)","manuell (Kurbel), 12V-Motor-Kit optional",Dachmontage,https://www.fiamma.com/en/products/awnings,padabo.de; DE ca. 1200-1800 EUR
Fiamma,F80L,"Kassettenmarkise (Dach), große Wohnmobile",Van/Wohnmobil,IT,600.0,275.0,54.5,,dach,True,W6,Großes Wohnmobil / Liner (ab 8 m),"Concorde, Morelo, lange Vollintegrierte","Dachmontage; Regel W: Markisenlänge = nutzbare Wandlänge (P1, P6)","manuell (Kurbel), 12V-Motor-Kit optional",Dachmontage,https://www.fiamma.com/en/products/awnings,padabo.de; DE ca. 1200-1800 EUR
Fiamma,Caravanstore / XL,Sackmarkise (Kederschiene),Wohnwagen,IT,190.0,180.0,6.0,395.0,kederschiene,False,K1,"Kleine Wohnwagen bis ~4,5 m Aufbau","Eriba Touring, Hobby 400",Regel K: Länge nach Aufbaulänge/Umlaufmaß; gerades Schienenstück nötig (P7),manuell,Kederschiene Wohnwagen; ab 280 cm = XL,https://www.fiamma.com/en/products/awnings,"camping-eshop.de, fritz-berger.de"
Fiamma,Caravanstore / XL,Sackmarkise (Kederschiene),Wohnwagen,IT,225.0,225.0,7.5,430.0,kederschiene,False,K1,"Kleine Wohnwagen bis ~4,5 m Aufbau","Eriba Touring, Hobby 400",Regel K: Länge nach Aufbaulänge/Umlaufmaß; gerades Schienenstück nötig (P7),manuell,Kederschiene Wohnwagen; ab 280 cm = XL,https://www.fiamma.com/en/products/awnings,"camping-eshop.de, fritz-berger.de"
Fiamma,Caravanstore / XL,Sackmarkise (Kederschiene),Wohnwagen,IT,255.0,225.0,8.5,450.0,kederschiene,False,K2,"Wohnwagen ~4,5-5,5 m Aufbau","Hobby De Luxe 460, Fendt Bianco 465",Regel K: Länge nach Aufbaulänge/Umlaufmaß; gerades Schienenstück nötig (P7),manuell,Kederschiene Wohnwagen; ab 280 cm = XL,https://www.fiamma.com/en/products/awnings,"camping-eshop.de, fritz-berger.de"
Fiamma,Caravanstore / XL,Sackmarkise (Kederschiene),Wohnwagen,IT,280.0,250.0,10.1,465.0,kederschiene,False,K2,"Wohnwagen ~4,5-5,5 m Aufbau","Hobby De Luxe 460, Fendt Bianco 465",Regel K: Länge nach Aufbaulänge/Umlaufmaß; gerades Schienenstück nötig (P7),manuell,Kederschiene Wohnwagen; ab 280 cm = XL,https://www.fiamma.com/en/products/awnings,"camping-eshop.de, fritz-berger.de"
Fiamma,Caravanstore / XL,Sackmarkise (Kederschiene),Wohnwagen,IT,310.0,250.0,11.2,475.0,kederschiene,False,K2,"Wohnwagen ~4,5-5,5 m Aufbau","Hobby De Luxe 460, Fendt Bianco 465",Regel K: Länge nach Aufbaulänge/Umlaufmaß; gerades Schienenstück nötig (P7),manuell,Kederschiene Wohnwagen; ab 280 cm = XL,https://www.fiamma.com/en/products/awnings,"camping-eshop.de, fritz-berger.de"
Fiamma,Caravanstore / XL,Sackmarkise (Kederschiene),Wohnwagen,IT,360.0,250.0,12.3,510.0,kederschiene,False,K3,"Wohnwagen ~5,5-6,5 m Aufbau","Hobby 545/560, Knaus Südwind 500",Regel K: Länge nach Aufbaulänge/Umlaufmaß; gerades Schienenstück nötig (P7),manuell,Kederschiene Wohnwagen; ab 280 cm = XL,https://www.fiamma.com/en/products/awnings,"camping-eshop.de, fritz-berger.de"
Fiamma,Caravanstore / XL,Sackmarkise (Kederschiene),Wohnwagen,IT,410.0,250.0,13.5,540.0,kederschiene,False,K3,"Wohnwagen ~5,5-6,5 m Aufbau","Hobby 545/560, Knaus Südwind 500",Regel K: Länge nach Aufbaulänge/Umlaufmaß; gerades Schienenstück nötig (P7),manuell,Kederschiene Wohnwagen; ab 280 cm = XL,https://www.fiamma.com/en/products/awnings,"camping-eshop.de, fritz-berger.de"
Fiamma,Caravanstore / XL,Sackmarkise (Kederschiene),Wohnwagen,IT,440.0,250.0,14.6,630.0,kederschiene,False,K4,"Wohnwagen ~6,5-7 m Aufbau","Hobby 650, Fendt Opal 560",Regel K: Länge nach Aufbaulänge/Umlaufmaß; gerades Schienenstück nötig (P7),manuell,Kederschiene Wohnwagen; ab 280 cm = XL,https://www.fiamma.com/en/products/awnings,"camping-eshop.de, fritz-berger.de"
Fiamma,Caravanstore / XL,Sackmarkise (Kederschiene),Wohnwagen,IT,500.0,250.0,15.8,680.0,kederschiene,False,K5,Große Wohnwagen / Doppelachser ab ~7 m,"Hobby 720, Fendt Tendenza 650",Regel K: Länge nach Aufbaulänge/Umlaufmaß; gerades Schienenstück nötig (P7),manuell,Kederschiene Wohnwagen; ab 280 cm = XL,https://www.fiamma.com/en/products/awnings,"camping-eshop.de, fritz-berger.de"
Fiamma,Caravanstore / XL,Sackmarkise (Kederschiene),Wohnwagen,IT,550.0,250.0,16.9,710.0,kederschiene,False,K5,Große Wohnwagen / Doppelachser ab ~7 m,"Hobby 720, Fendt Tendenza 650",Regel K: Länge nach Aufbaulänge/Umlaufmaß; gerades Schienenstück nötig (P7),manuell,Kederschiene Wohnwagen; ab 280 cm = XL,https://www.fiamma.com/en/products/awnings,"camping-eshop.de, fritz-berger.de"
Fiamma,Caravanstore ZIP XL,Sackmarkise mit ZIP-Vorzeltsystem,Wohnwagen,IT,280.0,250.0,11.2,527.0,kederschiene,False,K2,"Wohnwagen ~4,5-5,5 m Aufbau","Hobby De Luxe 460, Fendt Bianco 465",Regel K: Länge nach Aufbaulänge/Umlaufmaß; gerades Schienenstück nötig (P7),manuell,Kederschiene; Front-/Seitenwände anzippbar,https://www.fiamma.com/en/products/awnings,fritz-berger.de
Fiamma,Caravanstore ZIP XL,Sackmarkise mit ZIP-Vorzeltsystem,Wohnwagen,IT,310.0,250.0,12.3,597.0,kederschiene,False,K2,"Wohnwagen ~4,5-5,5 m Aufbau","Hobby De Luxe 460, Fendt Bianco 465",Regel K: Länge nach Aufbaulänge/Umlaufmaß; gerades Schienenstück nötig (P7),manuell,Kederschiene; Front-/Seitenwände anzippbar,https://www.fiamma.com/en/products/awnings,fritz-berger.de
Fiamma,Caravanstore ZIP XL,Sackmarkise mit ZIP-Vorzeltsystem,Wohnwagen,IT,360.0,250.0,13.5,599.0,kederschiene,False,K3,"Wohnwagen ~5,5-6,5 m Aufbau","Hobby 545/560, Knaus Südwind 500",Regel K: Länge nach Aufbaulänge/Umlaufmaß; gerades Schienenstück nötig (P7),manuell,Kederschiene; Front-/Seitenwände anzippbar,https://www.fiamma.com/en/products/awnings,fritz-berger.de
Fiamma,Caravanstore ZIP XL,Sackmarkise mit ZIP-Vorzeltsystem,Wohnwagen,IT,410.0,250.0,14.6,659.0,kederschiene,False,K3,"Wohnwagen ~5,5-6,5 m Aufbau","Hobby 545/560, Knaus Südwind 500",Regel K: Länge nach Aufbaulänge/Umlaufmaß; gerades Schienenstück nötig (P7),manuell,Kederschiene; Front-/Seitenwände anzippbar,https://www.fiamma.com/en/products/awnings,fritz-berger.de
Fiamma,Caravanstore ZIP XL,Sackmarkise mit ZIP-Vorzeltsystem,Wohnwagen,IT,440.0,250.0,15.8,619.0,kederschiene,False,K4,"Wohnwagen ~6,5-7 m Aufbau","Hobby 650, Fendt Opal 560",Regel K: Länge nach Aufbaulänge/Umlaufmaß; gerades Schienenstück nötig (P7),manuell,Kederschiene; Front-/Seitenwände anzippbar,https://www.fiamma.com/en/products/awnings,fritz-berger.de
Fiamma,Caravanstore ZIP XL,Sackmarkise mit ZIP-Vorzeltsystem,Wohnwagen,IT,500.0,250.0,,799.0,kederschiene,False,K5,Große Wohnwagen / Doppelachser ab ~7 m,"Hobby 720, Fendt Tendenza 650",Regel K: Länge nach Aufbaulänge/Umlaufmaß; gerades Schienenstück nötig (P7),manuell,Kederschiene; Front-/Seitenwände anzippbar,https://www.fiamma.com/en/products/awnings,fritz-berger.de
Fiamma,Caravanstore ZIP XL,Sackmarkise mit ZIP-Vorzeltsystem,Wohnwagen,IT,550.0,250.0,,859.0,kederschiene,False,K5,Große Wohnwagen / Doppelachser ab ~7 m,"Hobby 720, Fendt Tendenza 650",Regel K: Länge nach Aufbaulänge/Umlaufmaß; gerades Schienenstück nötig (P7),manuell,Kederschiene; Front-/Seitenwände anzippbar,https://www.fiamma.com/en/products/awnings,fritz-berger.de
Dometic,PerfectWall PW 1100,"Kassettenmarkise (Wand), leicht",Van/Wohnmobil,SE,260.0,200.0,21.0,639.0,wand,False,W2,"Kompaktvan / Campingbus (4,9-5,4 m)","VW T5/T6/T6.1 (California), V-Klasse/Marco Polo, Ford Nugget","Wandmontage; Regel W: Markisenlänge = nutzbare Wandlänge (P1, P6)",manuell (Kurbel),"Wandmontage, Slide-Out-Stützfüße",https://www.dometic.com/de-de/outdoor,fritz-berger.de
Dometic,PerfectWall PW 1100,"Kassettenmarkise (Wand), leicht",Van/Wohnmobil,SE,300.0,250.0,24.0,669.0,wand,False,W3,"Kastenwagen kurz-mittel (5,4-6 m)","Ducato L2, Jumper/Boxer L2, Crafter/TGE kurz","Wandmontage; Regel W: Markisenlänge = nutzbare Wandlänge (P1, P6)",manuell (Kurbel),"Wandmontage, Slide-Out-Stützfüße",https://www.dometic.com/de-de/outdoor,fritz-berger.de
Dometic,PerfectWall PW 1100,"Kassettenmarkise (Wand), leicht",Van/Wohnmobil,SE,350.0,250.0,27.0,799.0,wand,False,W4,Kastenwagen lang / teilintegriertes Wohnmobil (6-7 m),"Ducato L3/L4 (Pössl, Boxstar), Sprinter/Crafter lang","Wandmontage; Regel W: Markisenlänge = nutzbare Wandlänge (P1, P6)",manuell (Kurbel),"Wandmontage, Slide-Out-Stützfüße",https://www.dometic.com/de-de/outdoor,fritz-berger.de
Dometic,PerfectWall PW 1100,"Kassettenmarkise (Wand), leicht",Van/Wohnmobil,SE,400.0,250.0,30.0,,wand,False,W4,Kastenwagen lang / teilintegriertes Wohnmobil (6-7 m),"Ducato L3/L4 (Pössl, Boxstar), Sprinter/Crafter lang","Wandmontage; Regel W: Markisenlänge = nutzbare Wandlänge (P1, P6)",manuell (Kurbel),"Wandmontage, Slide-Out-Stützfüße",https://www.dometic.com/de-de/outdoor,fritz-berger.de
Dometic,PerfectWall PW 1100,"Kassettenmarkise (Wand), leicht",Van/Wohnmobil,SE,450.0,250.0,33.0,1140.0,wand,False,W5,Teil-/vollintegriertes Wohnmobil (7-8 m),"Hymer B-Klasse, Knaus Sky Ti, Dethleffs Trend","Wandmontage; Regel W: Markisenlänge = nutzbare Wandlänge (P1, P6)",manuell (Kurbel),"Wandmontage, Slide-Out-Stützfüße",https://www.dometic.com/de-de/outdoor,fritz-berger.de
Dometic,PerfectWall PW 1500,Kassettenmarkise (Wand),Van/Wohnmobil,SE,260.0,200.0,18.0,879.0,wand,False,W2,"Kompaktvan / Campingbus (4,9-5,4 m)","VW T5/T6/T6.1 (California), V-Klasse/Marco Polo, Ford Nugget","Wandmontage; Regel W: Markisenlänge = nutzbare Wandlänge (P1, P6)",manuell (Teleskopkurbel),Wandmontage; ab 450 cm 3 Gelenkarme,https://www.dometic.com/de-de/outdoor,"Dometic-Katalog 2024, fritz-berger.de"
Dometic,PerfectWall PW 1500,Kassettenmarkise (Wand),Van/Wohnmobil,SE,300.0,250.0,21.0,,wand,False,W3,"Kastenwagen kurz-mittel (5,4-6 m)","Ducato L2, Jumper/Boxer L2, Crafter/TGE kurz","Wandmontage; Regel W: Markisenlänge = nutzbare Wandlänge (P1, P6)",manuell (Teleskopkurbel),Wandmontage; ab 450 cm 3 Gelenkarme,https://www.dometic.com/de-de/outdoor,"Dometic-Katalog 2024, fritz-berger.de"
Dometic,PerfectWall PW 1500,Kassettenmarkise (Wand),Van/Wohnmobil,SE,350.0,250.0,24.0,1249.0,wand,False,W4,Kastenwagen lang / teilintegriertes Wohnmobil (6-7 m),"Ducato L3/L4 (Pössl, Boxstar), Sprinter/Crafter lang","Wandmontage; Regel W: Markisenlänge = nutzbare Wandlänge (P1, P6)",manuell (Teleskopkurbel),Wandmontage; ab 450 cm 3 Gelenkarme,https://www.dometic.com/de-de/outdoor,"Dometic-Katalog 2024, fritz-berger.de"
Dometic,PerfectWall PW 1500,Kassettenmarkise (Wand),Van/Wohnmobil,SE,400.0,275.0,27.0,,wand,False,W4,Kastenwagen lang / teilintegriertes Wohnmobil (6-7 m),"Ducato L3/L4 (Pössl, Boxstar), Sprinter/Crafter lang","Wandmontage; Regel W: Markisenlänge = nutzbare Wandlänge (P1, P6)",manuell (Teleskopkurbel),Wandmontage; ab 450 cm 3 Gelenkarme,https://www.dometic.com/de-de/outdoor,"Dometic-Katalog 2024, fritz-berger.de"
Dometic,PerfectWall PW 1500,Kassettenmarkise (Wand),Van/Wohnmobil,SE,450.0,275.0,30.0,,wand,False,W5,Teil-/vollintegriertes Wohnmobil (7-8 m),"Hymer B-Klasse, Knaus Sky Ti, Dethleffs Trend","Wandmontage; Regel W: Markisenlänge = nutzbare Wandlänge (P1, P6)",manuell (Teleskopkurbel),Wandmontage; ab 450 cm 3 Gelenkarme,https://www.dometic.com/de-de/outdoor,"Dometic-Katalog 2024, fritz-berger.de"
Dometic,PerfectWall PW 1500,Kassettenmarkise (Wand),Van/Wohnmobil,SE,500.0,275.0,33.0,,wand,False,W5,Teil-/vollintegriertes Wohnmobil (7-8 m),"Hymer B-Klasse, Knaus Sky Ti, Dethleffs Trend","Wandmontage; Regel W: Markisenlänge = nutzbare Wandlänge (P1, P6)",manuell (Teleskopkurbel),Wandmontage; ab 450 cm 3 Gelenkarme,https://www.dometic.com/de-de/outdoor,"Dometic-Katalog 2024, fritz-berger.de"
Dometic,PerfectWall PW 1500 electric,"Kassettenmarkise (Wand), motorisiert",Van/Wohnmobil,SE,400.0,275.0,29.0,1899.0,wand,False,W4,Kastenwagen lang / teilintegriertes Wohnmobil (6-7 m),"Ducato L3/L4 (Pössl, Boxstar), Sprinter/Crafter lang","Wandmontage; Regel W: Markisenlänge = nutzbare Wandlänge (P1, P6)",12V-Elektromotor mit Fernbedienung,"Wandmontage, 3 Gelenkarme",https://www.dometic.com/de-de/outdoor,"Dometic-Katalog 2024, fritz-berger.de"
Dometic,PerfectWall PW 1500 electric,"Kassettenmarkise (Wand), motorisiert",Van/Wohnmobil,SE,450.0,275.0,32.0,1899.0,wand,False,W5,Teil-/vollintegriertes Wohnmobil (7-8 m),"Hymer B-Klasse, Knaus Sky Ti, Dethleffs Trend","Wandmontage; Regel W: Markisenlänge = nutzbare Wandlänge (P1, P6)",12V-Elektromotor mit Fernbedienung,"Wandmontage, 3 Gelenkarme",https://www.dometic.com/de-de/outdoor,"Dometic-Katalog 2024, fritz-berger.de"
Dometic,PerfectWall PW 1500 electric,"Kassettenmarkise (Wand), motorisiert",Van/Wohnmobil,SE,500.0,275.0,35.0,2099.0,wand,False,W5,Teil-/vollintegriertes Wohnmobil (7-8 m),"Hymer B-Klasse, Knaus Sky Ti, Dethleffs Trend","Wandmontage; Regel W: Markisenlänge = nutzbare Wandlänge (P1, P6)",12V-Elektromotor mit Fernbedienung,"Wandmontage, 3 Gelenkarme",https://www.dometic.com/de-de/outdoor,"Dometic-Katalog 2024, fritz-berger.de"
Dometic,PerfectWall PW 1500 electric,"Kassettenmarkise (Wand), motorisiert",Van/Wohnmobil,SE,550.0,275.0,39.0,,wand,False,W6,Großes Wohnmobil / Liner (ab 8 m),"Concorde, Morelo, lange Vollintegrierte","Wandmontage; Regel W: Markisenlänge = nutzbare Wandlänge (P1, P6)",12V-Elektromotor mit Fernbedienung,"Wandmontage, 3 Gelenkarme",https://www.dometic.com/de-de/outdoor,"Dometic-Katalog 2024, fritz-berger.de"
Dometic,PerfectWall PW 1500 electric,"Kassettenmarkise (Wand), motorisiert",Van/Wohnmobil,SE,600.0,275.0,41.0,2699.0,wand,False,W6,Großes Wohnmobil / Liner (ab 8 m),"Concorde, Morelo, lange Vollintegrierte","Wandmontage; Regel W: Markisenlänge = nutzbare Wandlänge (P1, P6)",12V-Elektromotor mit Fernbedienung,"Wandmontage, 3 Gelenkarme",https://www.dometic.com/de-de/outdoor,"Dometic-Katalog 2024, fritz-berger.de"
Dometic,PerfectRoof PR 2000,"Kassettenmarkise (Dach), leicht",Van/Wohnmobil,SE,265.0,200.0,18.0,835.0,dach,True,W2,"Kompaktvan / Campingbus (4,9-5,4 m)","VW T5/T6/T6.1 (California), V-Klasse/Marco Polo, Ford Nugget","Dachmontage; Regel W: Markisenlänge = nutzbare Wandlänge (P1, P6)",manuell (Teleskopkurbel),Dachmontage (u.a. Ducato H2),https://www.dometic.com/de-de/outdoor,Dometic-Katalog 2024; DE ca. 835-1300 EUR
Dometic,PerfectRoof PR 2000,"Kassettenmarkise (Dach), leicht",Van/Wohnmobil,SE,300.0,250.0,21.0,,dach,True,W3,"Kastenwagen kurz-mittel (5,4-6 m)","Ducato L2, Jumper/Boxer L2, Crafter/TGE kurz","Dachmontage; Regel W: Markisenlänge = nutzbare Wandlänge (P1, P6)",manuell (Teleskopkurbel),Dachmontage (u.a. Ducato H2),https://www.dometic.com/de-de/outdoor,Dometic-Katalog 2024; DE ca. 835-1300 EUR
Dometic,PerfectRoof PR 2000,"Kassettenmarkise (Dach), leicht",Van/Wohnmobil,SE,325.0,250.0,22.0,,dach,True,W3,"Kastenwagen kurz-mittel (5,4-6 m)","Ducato L2, Jumper/Boxer L2, Crafter/TGE kurz","Dachmontage; Regel W: Markisenlänge = nutzbare Wandlänge (P1, P6)",manuell (Teleskopkurbel),Dachmontage (u.a. Ducato H2),https://www.dometic.com/de-de/outdoor,Dometic-Katalog 2024; DE ca. 835-1300 EUR
Dometic,PerfectRoof PR 2000,"Kassettenmarkise (Dach), leicht",Van/Wohnmobil,SE,350.0,250.0,24.0,,dach,True,W4,Kastenwagen lang / teilintegriertes Wohnmobil (6-7 m),"Ducato L3/L4 (Pössl, Boxstar), Sprinter/Crafter lang","Dachmontage; Regel W: Markisenlänge = nutzbare Wandlänge (P1, P6)",manuell (Teleskopkurbel),Dachmontage (u.a. Ducato H2),https://www.dometic.com/de-de/outdoor,Dometic-Katalog 2024; DE ca. 835-1300 EUR
Dometic,PerfectRoof PR 2000,"Kassettenmarkise (Dach), leicht",Van/Wohnmobil,SE,375.0,250.0,27.0,,dach,True,W4,Kastenwagen lang / teilintegriertes Wohnmobil (6-7 m),"Ducato L3/L4 (Pössl, Boxstar), Sprinter/Crafter lang","Dachmontage; Regel W: Markisenlänge = nutzbare Wandlänge (P1, P6)",manuell (Teleskopkurbel),Dachmontage (u.a. Ducato H2),https://www.dometic.com/de-de/outdoor,Dometic-Katalog 2024; DE ca. 835-1300 EUR
Dometic,PerfectRoof PR 2000,"Kassettenmarkise (Dach), leicht",Van/Wohnmobil,SE,400.0,250.0,28.0,,dach,True,W4,Kastenwagen lang / teilintegriertes Wohnmobil (6-7 m),"Ducato L3/L4 (Pössl, Boxstar), Sprinter/Crafter lang","Dachmontage; Regel W: Markisenlänge = nutzbare Wandlänge (P1, P6)",manuell (Teleskopkurbel),Dachmontage (u.a. Ducato H2),https://www.dometic.com/de-de/outdoor,Dometic-Katalog 2024; DE ca. 835-1300 EUR
Dometic,PerfectRoof PR 2000,"Kassettenmarkise (Dach), leicht",Van/Wohnmobil,SE,450.0,250.0,31.0,,dach,True,W5,Teil-/vollintegriertes Wohnmobil (7-8 m),"Hymer B-Klasse, Knaus Sky Ti, Dethleffs Trend","Dachmontage; Regel W: Markisenlänge = nutzbare Wandlänge (P1, P6)",manuell (Teleskopkurbel),Dachmontage (u.a. Ducato H2),https://www.dometic.com/de-de/outdoor,Dometic-Katalog 2024; DE ca. 835-1300 EUR
Dometic,PerfectRoof PR 2500,"Kassettenmarkise (Dach), große Wohnmobile (ehem. Prostor 600)",Van/Wohnmobil,SE,350.0,275.0,34.0,,dach,True,W4,Kastenwagen lang / teilintegriertes Wohnmobil (6-7 m),"Ducato L3/L4 (Pössl, Boxstar), Sprinter/Crafter lang","Dachmontage; Regel W: Markisenlänge = nutzbare Wandlänge (P1, P6)",12V-Elektromotor mit Fernbedienung,"Dachmontage, 3 Scherenarme",https://www.dometic.com/de-de/outdoor,Dometic-Katalog 2024; DE ca. 1800-2900 EUR
Dometic,PerfectRoof PR 2500,"Kassettenmarkise (Dach), große Wohnmobile (ehem. Prostor 600)",Van/Wohnmobil,SE,375.0,275.0,35.0,,dach,True,W4,Kastenwagen lang / teilintegriertes Wohnmobil (6-7 m),"Ducato L3/L4 (Pössl, Boxstar), Sprinter/Crafter lang","Dachmontage; Regel W: Markisenlänge = nutzbare Wandlänge (P1, P6)",12V-Elektromotor mit Fernbedienung,"Dachmontage, 3 Scherenarme",https://www.dometic.com/de-de/outdoor,Dometic-Katalog 2024; DE ca. 1800-2900 EUR
Dometic,PerfectRoof PR 2500,"Kassettenmarkise (Dach), große Wohnmobile (ehem. Prostor 600)",Van/Wohnmobil,SE,400.0,275.0,37.0,,dach,True,W4,Kastenwagen lang / teilintegriertes Wohnmobil (6-7 m),"Ducato L3/L4 (Pössl, Boxstar), Sprinter/Crafter lang","Dachmontage; Regel W: Markisenlänge = nutzbare Wandlänge (P1, P6)",12V-Elektromotor mit Fernbedienung,"Dachmontage, 3 Scherenarme",https://www.dometic.com/de-de/outdoor,Dometic-Katalog 2024; DE ca. 1800-2900 EUR
Dometic,PerfectRoof PR 2500,"Kassettenmarkise (Dach), große Wohnmobile (ehem. Prostor 600)",Van/Wohnmobil,SE,450.0,275.0,40.0,,dach,True,W5,Teil-/vollintegriertes Wohnmobil (7-8 m),"Hymer B-Klasse, Knaus Sky Ti, Dethleffs Trend","Dachmontage; Regel W: Markisenlänge = nutzbare Wandlänge (P1, P6)",12V-Elektromotor mit Fernbedienung,"Dachmontage, 3 Scherenarme",https://www.dometic.com/de-de/outdoor,Dometic-Katalog 2024; DE ca. 1800-2900 EUR
Dometic,PerfectRoof PR 2500,"Kassettenmarkise (Dach), große Wohnmobile (ehem. Prostor 600)",Van/Wohnmobil,SE,500.0,275.0,46.0,,dach,True,W5,Teil-/vollintegriertes Wohnmobil (7-8 m),"Hymer B-Klasse, Knaus Sky Ti, Dethleffs Trend","Dachmontage; Regel W: Markisenlänge = nutzbare Wandlänge (P1, P6)",12V-Elektromotor mit Fernbedienung,"Dachmontage, 3 Scherenarme",https://www.dometic.com/de-de/outdoor,Dometic-Katalog 2024; DE ca. 1800-2900 EUR
Dometic,PerfectRoof PR 2500,"Kassettenmarkise (Dach), große Wohnmobile (ehem. Prostor 600)",Van/Wohnmobil,SE,550.0,275.0,50.0,,dach,True,W6,Großes Wohnmobil / Liner (ab 8 m),"Concorde, Morelo, lange Vollintegrierte","Dachmontage; Regel W: Markisenlänge = nutzbare Wandlänge (P1, P6)",12V-Elektromotor mit Fernbedienung,"Dachmontage, 3 Scherenarme",https://www.dometic.com/de-de/outdoor,Dometic-Katalog 2024; DE ca. 1800-2900 EUR
Dometic,PerfectRoof PR 2500,"Kassettenmarkise (Dach), große Wohnmobile (ehem. Prostor 600)",Van/Wohnmobil,SE,600.0,275.0,54.0,,dach,True,W6,Großes Wohnmobil / Liner (ab 8 m),"Concorde, Morelo, lange Vollintegrierte","Dachmontage; Regel W: Markisenlänge = nutzbare Wandlänge (P1, P6)",12V-Elektromotor mit Fernbedienung,"Dachmontage, 3 Scherenarme",https://www.dometic.com/de-de/outdoor,Dometic-Katalog 2024; DE ca. 1800-2900 EUR
Dometic,REVO ZIP,Sackmarkise mit ZIP-Vorzeltoption,Wohnwagen,SE,200.0,145.0,7.3,,kederschiene,False,K1,"Kleine Wohnwagen bis ~4,5 m Aufbau","Eriba Touring, Hobby 400",Regel K: Länge nach Aufbaulänge/Umlaufmaß; gerades Schienenstück nötig (P7),manuell (Kurbel),"Kederschiene, ohne Bohren",https://www.dometic.com/de-de/outdoor,Dometic-Katalog 2024; DE ca. 500-950 EUR
Dometic,REVO ZIP,Sackmarkise mit ZIP-Vorzeltoption,Wohnwagen,SE,240.0,185.0,8.9,,kederschiene,False,K2,"Wohnwagen ~4,5-5,5 m Aufbau","Hobby De Luxe 460, Fendt Bianco 465",Regel K: Länge nach Aufbaulänge/Umlaufmaß; gerades Schienenstück nötig (P7),manuell (Kurbel),"Kederschiene, ohne Bohren",https://www.dometic.com/de-de/outdoor,Dometic-Katalog 2024; DE ca. 500-950 EUR
Dometic,REVO ZIP,Sackmarkise mit ZIP-Vorzeltoption,Wohnwagen,SE,270.0,215.0,10.2,,kederschiene,False,K2,"Wohnwagen ~4,5-5,5 m Aufbau","Hobby De Luxe 460, Fendt Bianco 465",Regel K: Länge nach Aufbaulänge/Umlaufmaß; gerades Schienenstück nötig (P7),manuell (Kurbel),"Kederschiene, ohne Bohren",https://www.dometic.com/de-de/outdoor,Dometic-Katalog 2024; DE ca. 500-950 EUR
Dometic,REVO ZIP,Sackmarkise mit ZIP-Vorzeltoption,Wohnwagen,SE,310.0,250.0,11.4,,kederschiene,False,K2,"Wohnwagen ~4,5-5,5 m Aufbau","Hobby De Luxe 460, Fendt Bianco 465",Regel K: Länge nach Aufbaulänge/Umlaufmaß; gerades Schienenstück nötig (P7),manuell (Kurbel),"Kederschiene, ohne Bohren",https://www.dometic.com/de-de/outdoor,Dometic-Katalog 2024; DE ca. 500-950 EUR
Dometic,REVO ZIP,Sackmarkise mit ZIP-Vorzeltoption,Wohnwagen,SE,350.0,250.0,12.9,,kederschiene,False,K3,"Wohnwagen ~5,5-6,5 m Aufbau","Hobby 545/560, Knaus Südwind 500",Regel K: Länge nach Aufbaulänge/Umlaufmaß; gerades Schienenstück nötig (P7),manuell (Kurbel),"Kederschiene, ohne Bohren",https://www.dometic.com/de-de/outdoor,Dometic-Katalog 2024; DE ca. 500-950 EUR
Dometic,REVO ZIP,Sackmarkise mit ZIP-Vorzeltoption,Wohnwagen,SE,400.0,250.0,14.1,,kederschiene,False,K3,"Wohnwagen ~5,5-6,5 m Aufbau","Hobby 545/560, Knaus Südwind 500",Regel K: Länge nach Aufbaulänge/Umlaufmaß; gerades Schienenstück nötig (P7),manuell (Kurbel),"Kederschiene, ohne Bohren",https://www.dometic.com/de-de/outdoor,Dometic-Katalog 2024; DE ca. 500-950 EUR
Dometic,REVO ZIP,Sackmarkise mit ZIP-Vorzeltoption,Wohnwagen,SE,450.0,250.0,15.9,,kederschiene,False,K4,"Wohnwagen ~6,5-7 m Aufbau","Hobby 650, Fendt Opal 560",Regel K: Länge nach Aufbaulänge/Umlaufmaß; gerades Schienenstück nötig (P7),manuell (Kurbel),"Kederschiene, ohne Bohren",https://www.dometic.com/de-de/outdoor,Dometic-Katalog 2024; DE ca. 500-950 EUR
Dometic,PerfectWall PW 1000 (Auslaufmodell),Kassettenmarkise (Wand) - nicht mehr im Katalog 2024,Van/Wohnmobil,SE,260.0,200.0,,,wand,False,W2,"Kompaktvan / Campingbus (4,9-5,4 m)","VW T5/T6/T6.1 (California), V-Klasse/Marco Polo, Ford Nugget","Wandmontage; Regel W: Markisenlänge = nutzbare Wandlänge (P1, P6)",manuell (Kurbel),Wandmontage,https://www.dometic.com/de-de/outdoor,Restbestände im Handel
Dometic,PerfectWall PW 1000 (Auslaufmodell),Kassettenmarkise (Wand) - nicht mehr im Katalog 2024,Van/Wohnmobil,SE,300.0,250.0,,,wand,False,W3,"Kastenwagen kurz-mittel (5,4-6 m)","Ducato L2, Jumper/Boxer L2, Crafter/TGE kurz","Wandmontage; Regel W: Markisenlänge = nutzbare Wandlänge (P1, P6)",manuell (Kurbel),Wandmontage,https://www.dometic.com/de-de/outdoor,Restbestände im Handel
Dometic,PerfectWall PW 1000 (Auslaufmodell),Kassettenmarkise (Wand) - nicht mehr im Katalog 2024,Van/Wohnmobil,SE,350.0,250.0,,,wand,False,W4,Kastenwagen lang / teilintegriertes Wohnmobil (6-7 m),"Ducato L3/L4 (Pössl, Boxstar), Sprinter/Crafter lang","Wandmontage; Regel W: Markisenlänge = nutzbare Wandlänge (P1, P6)",manuell (Kurbel),Wandmontage,https://www.dometic.com/de-de/outdoor,Restbestände im Handel
Dometic,PerfectWall PW 1000 (Auslaufmodell),Kassettenmarkise (Wand) - nicht mehr im Katalog 2024,Van/Wohnmobil,SE,400.0,250.0,,,wand,False,W4,Kastenwagen lang / teilintegriertes Wohnmobil (6-7 m),"Ducato L3/L4 (Pössl, Boxstar), Sprinter/Crafter lang","Wandmontage; Regel W: Markisenlänge = nutzbare Wandlänge (P1, P6)",manuell (Kurbel),Wandmontage,https://www.dometic.com/de-de/outdoor,Restbestände im Handel
Dometic,PerfectWall PW 1750 (Auslaufmodell),"Kassettenmarkise (Wand), motorisiert - ersetzt durch PW 1500 electric",Van/Wohnmobil,SE,400.0,275.0,,,wand,False,W4,Kastenwagen lang / teilintegriertes Wohnmobil (6-7 m),"Ducato L3/L4 (Pössl, Boxstar), Sprinter/Crafter lang","Wandmontage; Regel W: Markisenlänge = nutzbare Wandlänge (P1, P6)",12V-Elektromotor,Wandmontage,https://www.dometic.com/de-de/outdoor,Nachfolger: PW 1500 electric
Dometic,PerfectWall PW 1750 (Auslaufmodell),"Kassettenmarkise (Wand), motorisiert - ersetzt durch PW 1500 electric",Van/Wohnmobil,SE,450.0,275.0,,,wand,False,W5,Teil-/vollintegriertes Wohnmobil (7-8 m),"Hymer B-Klasse, Knaus Sky Ti, Dethleffs Trend","Wandmontage; Regel W: Markisenlänge = nutzbare Wandlänge (P1, P6)",12V-Elektromotor,Wandmontage,https://www.dometic.com/de-de/outdoor,Nachfolger: PW 1500 electric
Dometic,PerfectWall PW 1750 (Auslaufmodell),"Kassettenmarkise (Wand), motorisiert - ersetzt durch PW 1500 electric",Van/Wohnmobil,SE,500.0,275.0,,,wand,False,W5,Teil-/vollintegriertes Wohnmobil (7-8 m),"Hymer B-Klasse, Knaus Sky Ti, Dethleffs Trend","Wandmontage; Regel W: Markisenlänge = nutzbare Wandlänge (P1, P6)",12V-Elektromotor,Wandmontage,https://www.dometic.com/de-de/outdoor,Nachfolger: PW 1500 electric
Dometic,PerfectWall PW 1750 (Auslaufmodell),"Kassettenmarkise (Wand), motorisiert - ersetzt durch PW 1500 electric",Van/Wohnmobil,SE,550.0,275.0,,,wand,False,W6,Großes Wohnmobil / Liner (ab 8 m),"Concorde, Morelo, lange Vollintegrierte","Wandmontage; Regel W: Markisenlänge = nutzbare Wandlänge (P1, P6)",12V-Elektromotor,Wandmontage,https://www.dometic.com/de-de/outdoor,Nachfolger: PW 1500 electric
Dometic,PerfectWall PW 1750 (Auslaufmodell),"Kassettenmarkise (Wand), motorisiert - ersetzt durch PW 1500 electric",Van/Wohnmobil,SE,600.0,275.0,,,wand,False,W6,Großes Wohnmobil / Liner (ab 8 m),"Concorde, Morelo, lange Vollintegrierte","Wandmontage; Regel W: Markisenlänge = nutzbare Wandlänge (P1, P6)",12V-Elektromotor,Wandmontage,https://www.dometic.com/de-de/outdoor,Nachfolger: PW 1500 electric
ARB,Touring Markise mit LED (Stoffhülle),Seitenmarkise (Rollout) mit Teleskopstangen,Offroad/Dachzelt,AU,250.0,250.0,15.0,557.0,dach,True,D3,Großer Geländewagen / Pickup Doppelkabine / Bus,"Land Cruiser, Defender 110/130, Ranger/Hilux/Amarok DoKa, VW T5/T6","Dachträger erforderlich; Regel D nach Dachlänge (P2, P3)",manuell,Dachträger (Montagesatz),https://www.taubenreuther.de,taubenreuther.de (dt. Generalimporteur)
ARB,Touring Markise mit LED (Stoffhülle),Seitenmarkise (Rollout) mit Teleskopstangen,Offroad/Dachzelt,AU,200.0,250.0,,,dach,True,D2,SUV / Geländewagen mittlerer Größe,"Defender 90/110, Jeep Wrangler, RAV4, Tiguan, Pickup Einzelkabine","Dachträger erforderlich; Regel D nach Dachlänge (P2, P3)",manuell,Dachträger (Montagesatz),https://www.taubenreuther.de,taubenreuther.de (dt. Generalimporteur)
ARB,Touring Markise Alu-Hartschale mit LED,"Seitenmarkise (Rollout), Alu-Gehäuse",Offroad/Dachzelt,AU,250.0,250.0,19.0,749.0,dach,True,D3,Großer Geländewagen / Pickup Doppelkabine / Bus,"Land Cruiser, Defender 110/130, Ranger/Hilux/Amarok DoKa, VW T5/T6","Dachträger erforderlich; Regel D nach Dachlänge (P2, P3)",manuell,Dachträger,https://www.taubenreuther.de,"taubenreuther.de, mehari-offroad.de"
ARB,Touring Markise Alu-Hartschale mit LED,"Seitenmarkise (Rollout), Alu-Gehäuse",Offroad/Dachzelt,AU,200.0,250.0,,719.0,dach,True,D2,SUV / Geländewagen mittlerer Größe,"Defender 90/110, Jeep Wrangler, RAV4, Tiguan, Pickup Einzelkabine","Dachträger erforderlich; Regel D nach Dachlänge (P2, P3)",manuell,Dachträger,https://www.taubenreuther.de,"taubenreuther.de, mehari-offroad.de"
Rhino-Rack,Batwing 270°,270°-Markise mit Stützbeinen (links/rechts),Offroad/Dachzelt,AU,220.0,200.0,20.0,902.0,dach,True,D3,Großer Geländewagen / Pickup Doppelkabine / Bus,"Land Cruiser, Defender 110/130, Ranger/Hilux/Amarok DoKa, VW T5/T6","Dachträger erforderlich; Regel D nach Dachlänge (P2, P3); 270°/180°-Schirm umschließt Seite + Heck (P5)",manuell,Dachträger (STOW-iT-Version verfügbar),https://www.rhinorack.com,"worldcamper-shop.de, trekvoss.com; 12,3 m²"
Rhino-Rack,Batwing Compact 270°,"270°-Markise kompakt, mit Stützbeinen",Offroad/Dachzelt,AU,,,17.0,789.0,dach,True,D?,SUV / Geländewagen / Pickup / Van mit Dachträger,je nach Dachlänge - siehe Regeln D1-D4,Dachträger erforderlich; Länge unbekannt; 270°/180°-Schirm umschließt Seite + Heck (P5),manuell,Dachträger,https://www.rhinorack.com,worldcamper-shop.de
Rhino-Rack,Sunseeker III,Seitenmarkise (Rollout) mit Teleskopstangen,Offroad/Dachzelt,AU,200.0,210.0,10.0,322.0,dach,True,D2,SUV / Geländewagen mittlerer Größe,"Defender 90/110, Jeep Wrangler, RAV4, Tiguan, Pickup Einzelkabine","Dachträger erforderlich; Regel D nach Dachlänge (P2, P3)",manuell,Dachträger,https://www.worldcamper-shop.de/markisen/rhino-rack-markisen/,"worldcamper-shop.de, mehari-offroad.de"
Rhino-Rack,Sunseeker III,Seitenmarkise (Rollout) mit Teleskopstangen,Offroad/Dachzelt,AU,250.0,210.0,12.0,358.0,dach,True,D3,Großer Geländewagen / Pickup Doppelkabine / Bus,"Land Cruiser, Defender 110/130, Ranger/Hilux/Amarok DoKa, VW T5/T6","Dachträger erforderlich; Regel D nach Dachlänge (P2, P3)",manuell,Dachträger,https://www.worldcamper-shop.de/markisen/rhino-rack-markisen/,"worldcamper-shop.de, mehari-offroad.de"
Rhino-Rack,Sunseeker 2.2 freitragend,"Seitenmarkise, freitragend",Offroad/Dachzelt,AU,220.0,,,,dach,True,D3,Großer Geländewagen / Pickup Doppelkabine / Bus,"Land Cruiser, Defender 110/130, Ranger/Hilux/Amarok DoKa, VW T5/T6","Dachträger erforderlich; Regel D nach Dachlänge (P2, P3)",manuell,Dachträger,https://www.trip-tec.de,trip-tec.de
Rhino-Rack,Dome 1300,Heck-/Seitenmarkise (Kuppelform),Offroad/Dachzelt,AU,130.0,240.0,10.1,297.0,dach,True,D1,Kompakt-SUV / Hochdachkombi (Heck oder Seite),"Suzuki Jimny, Dacia Duster, Caddy; auch Heckmontage","Dachträger erforderlich; Regel D nach Dachlänge (P2, P3)",manuell,Dachträger,https://www.worldcamper-shop.de/markisen/rhino-rack-markisen/,worldcamper-shop.de
Darche,Eclipse 270 Gen 2,"270°-Markise, freitragend (links/rechts)",Offroad/Dachzelt,AU,220.0,200.0,21.8,1300.0,dach,True,D3,Großer Geländewagen / Pickup Doppelkabine / Bus,"Land Cruiser, Defender 110/130, Ranger/Hilux/Amarok DoKa, VW T5/T6","Dachträger erforderlich; Regel D nach Dachlänge (P2, P3); 270°/180°-Schirm umschließt Seite + Heck (P5)",manuell,Dachträger (ECBracket),https://www.abenteuertechnik.de,"abenteuertechnik.de, xp-edition.eu; 11,5 m²"
Darche,Eclipse 180 Gen 2,"180°-Markise, freitragend",Offroad/Dachzelt,AU,210.0,,20.0,1150.0,dach,True,D2,SUV / Geländewagen mittlerer Größe,"Defender 90/110, Jeep Wrangler, RAV4, Tiguan, Pickup Einzelkabine","Dachträger erforderlich; Regel D nach Dachlänge (P2, P3); 270°/180°-Schirm umschließt Seite + Heck (P5)",manuell,Dachträger,https://www.mehari-offroad.de,mehari-offroad.de; 8 m²
The Bush Company,270 XT Mk2,"270°-Markise, voll freitragend",Offroad/Dachzelt,AU,230.0,,27.8,1950.0,dach,True,D3,Großer Geländewagen / Pickup Doppelkabine / Bus,"Land Cruiser, Defender 110/130, Ranger/Hilux/Amarok DoKa, VW T5/T6","Dachträger erforderlich; Regel D nach Dachlänge (P2, P3); 270°/180°-Schirm umschließt Seite + Heck (P5)",manuell,Dachträger (Universalhalter),https://www.tour-tec.de,"tour-tec.de, xp-edition.eu; 11 m²"
The Bush Company,270 XT MAX Mk2,"270°-Markise XL, voll freitragend",Offroad/Dachzelt,AU,,,,2590.0,dach,True,D?,SUV / Geländewagen / Pickup / Van mit Dachträger,je nach Dachlänge - siehe Regeln D1-D4,Dachträger erforderlich; Länge unbekannt; 270°/180°-Schirm umschließt Seite + Heck (P5),manuell,Dachträger,https://camp-impuls.store,"camp-impuls.store, xp-edition.eu; 12 m²"
Alu-Cab,Shadow Awn 270,"270°-Markise, freitragend (LHS/RHS)",Offroad/Dachzelt,ZA,260.0,,27.0,1290.0,dach,True,D3,Großer Geländewagen / Pickup Doppelkabine / Bus,"Land Cruiser, Defender 110/130, Ranger/Hilux/Amarok DoKa, VW T5/T6","Dachträger erforderlich; Regel D nach Dachlänge (P2, P3); 270°/180°-Schirm umschließt Seite + Heck (P5)",manuell,"Dachträger/Hardtop, Halter fahrzeugspezifisch",https://world-of-nanook.com,"campventure.de, world-of-nanook.com; 10 m²"
Front Runner,Easy-Out Markise,Seitenmarkise (Rollout) mit Teleskopstangen,Offroad/Dachzelt,ZA,145.0,210.0,9.5,355.0,dach,True,D1,Kompakt-SUV / Hochdachkombi (Heck oder Seite),"Suzuki Jimny, Dacia Duster, Caddy; auch Heckmontage","Dachträger erforderlich; Regel D nach Dachlänge (P2, P3)",manuell,Dachträger (Slimline II u.a.),https://www.frontrunneroutfitters.com/de/de/,"offroadguru.de, trekvoss.com"
Front Runner,Easy-Out Markise,Seitenmarkise (Rollout) mit Teleskopstangen,Offroad/Dachzelt,ZA,200.0,210.0,12.5,369.0,dach,True,D2,SUV / Geländewagen mittlerer Größe,"Defender 90/110, Jeep Wrangler, RAV4, Tiguan, Pickup Einzelkabine","Dachträger erforderlich; Regel D nach Dachlänge (P2, P3)",manuell,Dachträger (Slimline II u.a.),https://www.frontrunneroutfitters.com/de/de/,"offroadguru.de, trekvoss.com"
Front Runner,Easy-Out Markise,Seitenmarkise (Rollout) mit Teleskopstangen,Offroad/Dachzelt,ZA,250.0,210.0,13.5,415.0,dach,True,D3,Großer Geländewagen / Pickup Doppelkabine / Bus,"Land Cruiser, Defender 110/130, Ranger/Hilux/Amarok DoKa, VW T5/T6","Dachträger erforderlich; Regel D nach Dachlänge (P2, P3)",manuell,Dachträger (Slimline II u.a.),https://www.frontrunneroutfitters.com/de/de/,"offroadguru.de, trekvoss.com"
iKamper,ExoShell 270,"270°-Markise, freistehend (6 Beine), Hartschale",Offroad/Dachzelt,KR,246.0,,30.0,1980.0,dach,True,D3,Großer Geländewagen / Pickup Doppelkabine / Bus,"Land Cruiser, Defender 110/130, Ranger/Hilux/Amarok DoKa, VW T5/T6","Dachträger erforderlich; Regel D nach Dachlänge (P2, P3); 270°/180°-Schirm umschließt Seite + Heck (P5)",manuell,Dachträger,https://ikamper.de/exoshell-270-awning,"ikamper.de (offiz. DE-Shop); 11,2 m²"
James Baroud,Falcon 270°,"270°-Markise (LHS/RHS), optionale Stangen",Offroad/Dachzelt,PT/FR,,,,1296.0,dach,True,D?,SUV / Geländewagen / Pickup / Van mit Dachträger,je nach Dachlänge - siehe Regeln D1-D4,Dachträger erforderlich; Länge unbekannt; 270°/180°-Schirm umschließt Seite + Heck (P5),manuell,Dachträger,https://james-baroud.de,james-baroud.de (UVP 1620 EUR)
James Baroud,Seiten-/Heckmarkise,Seitenmarkise (Rollout) mit 2 Stützbeinen,Offroad/Dachzelt,PT/FR,130.0,240.0,,255.0,dach,True,D1,Kompakt-SUV / Hochdachkombi (Heck oder Seite),"Suzuki Jimny, Dacia Duster, Caddy; auch Heckmontage","Dachträger erforderlich; Regel D nach Dachlänge (P2, P3)",manuell,Dachträger / Dachzelt-Seite,https://james-baroud.de,james-baroud.de
James Baroud,Seiten-/Heckmarkise,Seitenmarkise (Rollout) mit 2 Stützbeinen,Offroad/Dachzelt,PT/FR,200.0,270.0,,417.0,dach,True,D2,SUV / Geländewagen mittlerer Größe,"Defender 90/110, Jeep Wrangler, RAV4, Tiguan, Pickup Einzelkabine","Dachträger erforderlich; Regel D nach Dachlänge (P2, P3)",manuell,Dachträger / Dachzelt-Seite,https://james-baroud.de,james-baroud.de
James Baroud,Seiten-/Heckmarkise,Seitenmarkise (Rollout) mit 2 Stützbeinen,Offroad/Dachzelt,PT/FR,250.0,270.0,,493.0,dach,True,D3,Großer Geländewagen / Pickup Doppelkabine / Bus,"Land Cruiser, Defender 110/130, Ranger/Hilux/Amarok DoKa, VW T5/T6","Dachträger erforderlich; Regel D nach Dachlänge (P2, P3)",manuell,Dachträger / Dachzelt-Seite,https://james-baroud.de,james-baroud.de
Ironman 4x4,Instant Awning,Seitenmarkise (Rollout) mit Teleskopstangen,Offroad/Dachzelt,AU,250.0,200.0,,,dach,True,D3,Großer Geländewagen / Pickup Doppelkabine / Bus,"Land Cruiser, Defender 110/130, Ranger/Hilux/Amarok DoKa, VW T5/T6","Dachträger erforderlich; Regel D nach Dachlänge (P2, P3)",manuell,Dachträger,http://www.ironman4x4.at,ironman4x4.at (AT-Vertrieb)
Ironman 4x4,Instant Awning,Seitenmarkise (Rollout) mit Teleskopstangen,Offroad/Dachzelt,AU,250.0,250.0,,,dach,True,D3,Großer Geländewagen / Pickup Doppelkabine / Bus,"Land Cruiser, Defender 110/130, Ranger/Hilux/Amarok DoKa, VW T5/T6","Dachträger erforderlich; Regel D nach Dachlänge (P2, P3)",manuell,Dachträger,http://www.ironman4x4.at,ironman4x4.at (AT-Vertrieb)
Sheepie,Jimba Jimba Markise / Plus,Seitenmarkise als Dachzelt-Anbau,Offroad/Dachzelt,NL,,,,,wand,False,S4,Dachzelt-Anbau,"Nur Sheepie Jimba-Jimba-Dachzelte (Medium/Large), Fahrzeughöhe bis 2 m",Kein universeller Anbau - gehört zum Dachzelt,manuell,"Am Dachzelt, Fahrzeughöhe bis 2 m",https://www.tour-tec.de,"tour-tec.de, dzm-outdoor.com"
horntools,270° Markise Horizon,"270°-Markise, freitragend",Offroad/Dachzelt,AT,200.0,,18.9,899.0,dach,True,D2,SUV / Geländewagen mittlerer Größe,"Defender 90/110, Jeep Wrangler, RAV4, Tiguan, Pickup Einzelkabine","Dachträger erforderlich; Regel D nach Dachlänge (P2, P3); 270°/180°-Schirm umschließt Seite + Heck (P5)",manuell,"Dachträger universal, links/rechts; 5,5 m² (2,0 m) / 7,38 m² (2,5 m); Varianten mit Seitenwänden",https://www.horntools.com/products/270-grad-markise-horizon,horntools.com
horntools,270° Markise Horizon,"270°-Markise, freitragend",Offroad/Dachzelt,AT,250.0,,23.9,1299.0,dach,True,D3,Großer Geländewagen / Pickup Doppelkabine / Bus,"Land Cruiser, Defender 110/130, Ranger/Hilux/Amarok DoKa, VW T5/T6","Dachträger erforderlich; Regel D nach Dachlänge (P2, P3); 270°/180°-Schirm umschließt Seite + Heck (P5)",manuell,"Dachträger universal, links/rechts; 5,5 m² (2,0 m) / 7,38 m² (2,5 m); Varianten mit Seitenwänden",https://www.horntools.com/products/270-grad-markise-horizon,horntools.com
horntools,180° Markise Horizon,"180°-Markise, freitragend",Offroad/Dachzelt,AT,200.0,,18.8,899.0,dach,True,D2,SUV / Geländewagen mittlerer Größe,"Defender 90/110, Jeep Wrangler, RAV4, Tiguan, Pickup Einzelkabine","Dachträger erforderlich; Regel D nach Dachlänge (P2, P3); 270°/180°-Schirm umschließt Seite + Heck (P5)",manuell,"Dachträger, links/rechts; 6 m² (2,0 m) / 9,9 m² (2,5 m)",https://www.horntools.com/en/products/180-degree-awning-horizon,horntools.com
horntools,180° Markise Horizon,"180°-Markise, freitragend",Offroad/Dachzelt,AT,250.0,,23.0,1299.0,dach,True,D3,Großer Geländewagen / Pickup Doppelkabine / Bus,"Land Cruiser, Defender 110/130, Ranger/Hilux/Amarok DoKa, VW T5/T6","Dachträger erforderlich; Regel D nach Dachlänge (P2, P3); 270°/180°-Schirm umschließt Seite + Heck (P5)",manuell,"Dachträger, links/rechts; 6 m² (2,0 m) / 9,9 m² (2,5 m)",https://www.horntools.com/en/products/180-degree-awning-horizon,horntools.com
horntools,180° Markise Horizon VW California T5/T6/T6.1,"180°-Markise, freitragend, fahrzeugspezifisch",Offroad/Dachzelt,AT,250.0,,23.0,1699.0,dach,True,S2,Kompaktvan (fahrzeugspezifisch),VW T5 / T6 / T6.1 California,"Montage an Originalbefestigungspunkten, ohne Bohren",manuell,"Originalbefestigungspunkte, ohne Bohren; ~9,9 m²",https://www.horntools.com/products/180-grad-markise-vw-california-t5-t6-t6-1,horntools.com
horntools,Markise Horizon Straight,"Seitenmarkise (gerade), freitragend (Gasdruckfedern)",Offroad/Dachzelt,AT,200.0,190.0,13.4,499.0,dach,True,D2,SUV / Geländewagen mittlerer Größe,"Defender 90/110, Jeep Wrangler, RAV4, Tiguan, Pickup Einzelkabine","Dachträger erforderlich; Regel D nach Dachlänge (P2, P3)",manuell,"Dachträger universal; Tuch 185,7 x 190,2 cm",https://www.horntools.com/en/products/awning-horizon-straight,horntools.com
horntools,"Heckmarkise Horizon Straight 1,5 m","Heckmarkise, freitragend, mit Sonnensegel",Offroad/Dachzelt,AT,139.0,145.0,11.5,499.0,dach,True,D1,Kompakt-SUV / Hochdachkombi (Heck oder Seite),"Suzuki Jimny, Dacia Duster, Caddy; auch Heckmontage","Dachträger erforderlich; Regel D nach Dachlänge (P2, P3)",manuell,Dachträger am Heck; Packmaß 150 x 13 x 14 cm,https://www.horntools.com/products/heckmarkise-horizon-straight-1-5-m-freitragend,horntools.com
Nakatanenga,Roof Lodge Evolution 2 270°-Markise,"270°-Markise mit Teleskopstützen, inkl. 2 Seitenteile",Offroad/Dachzelt,DE,435.0,200.0,16.8,520.0,dach,True,D4,Langer Van / Expeditionsmobil,"T5/T6 lang, Sprinter/Crafter, Expeditionsmobile","Dachträger erforderlich; Regel D nach Dachlänge (P2, P3); 270°/180°-Schirm umschließt Seite + Heck (P5)",manuell,"Dachträger, links/rechts; ~9 m²",https://www.nakatanenga.de,nakatanenga.de
Nakatanenga,Roof Lodge Evolution 2 Auto-Markise,Seitenmarkise / Sackmarkise,Offroad/Dachzelt,DE,140.0,200.0,9.0,,dach,True,D1,Kompakt-SUV / Hochdachkombi (Heck oder Seite),"Suzuki Jimny, Dacia Duster, Caddy; auch Heckmontage","Dachträger erforderlich; Regel D nach Dachlänge (P2, P3)",manuell,"Dachträger universal, Teleskopstangen bis 220 cm",https://www.nakatanenga.de,nakatanenga.de
Nakatanenga,Roof Lodge Evolution 2 Auto-Markise,Seitenmarkise / Sackmarkise,Offroad/Dachzelt,DE,200.0,200.0,11.0,279.0,dach,True,D2,SUV / Geländewagen mittlerer Größe,"Defender 90/110, Jeep Wrangler, RAV4, Tiguan, Pickup Einzelkabine","Dachträger erforderlich; Regel D nach Dachlänge (P2, P3)",manuell,"Dachträger universal, Teleskopstangen bis 220 cm",https://www.nakatanenga.de,nakatanenga.de
Nakatanenga,Roof Lodge Evolution 2 Auto-Markise,Seitenmarkise / Sackmarkise,Offroad/Dachzelt,DE,250.0,200.0,11.6,,dach,True,D3,Großer Geländewagen / Pickup Doppelkabine / Bus,"Land Cruiser, Defender 110/130, Ranger/Hilux/Amarok DoKa, VW T5/T6","Dachträger erforderlich; Regel D nach Dachlänge (P2, P3)",manuell,"Dachträger universal, Teleskopstangen bis 220 cm",https://www.nakatanenga.de,nakatanenga.de
Vickywood,270° Markise LEAF,"270°-Markise, freitragend, LED",Offroad/Dachzelt,DE,200.0,180.0,22.5,999.0,dach,True,D2,SUV / Geländewagen mittlerer Größe,"Defender 90/110, Jeep Wrangler, RAV4, Tiguan, Pickup Einzelkabine","Dachträger erforderlich; Regel D nach Dachlänge (P2, P3); 270°/180°-Schirm umschließt Seite + Heck (P5)",manuell,"Dachträger universal, links/rechts",https://shop.vickywood.com,shop.vickywood.com
Vickywood,270° Markise LEAF,"270°-Markise, freitragend, LED",Offroad/Dachzelt,DE,250.0,234.0,22.1,999.0,dach,True,D3,Großer Geländewagen / Pickup Doppelkabine / Bus,"Land Cruiser, Defender 110/130, Ranger/Hilux/Amarok DoKa, VW T5/T6","Dachträger erforderlich; Regel D nach Dachlänge (P2, P3); 270°/180°-Schirm umschließt Seite + Heck (P5)",manuell,"Dachträger universal, links/rechts",https://shop.vickywood.com,shop.vickywood.com
Vickywood,270° Markise LEAF EXTENDED,"270°-Markise, freitragend, mit Heckdurchstieg",Offroad/Dachzelt,DE,200.0,230.0,22.5,1199.0,dach,True,D2,SUV / Geländewagen mittlerer Größe,"Defender 90/110, Jeep Wrangler, RAV4, Tiguan, Pickup Einzelkabine","Dachträger erforderlich; Regel D nach Dachlänge (P2, P3); 270°/180°-Schirm umschließt Seite + Heck (P5)",manuell,"Dachträger universal, 6 Arme",https://shop.vickywood.com,shop.vickywood.com
Vickywood,270° Markise LEAF EXTENDED,"270°-Markise, freitragend, mit Heckdurchstieg",Offroad/Dachzelt,DE,250.0,230.0,25.0,1199.0,dach,True,D3,Großer Geländewagen / Pickup Doppelkabine / Bus,"Land Cruiser, Defender 110/130, Ranger/Hilux/Amarok DoKa, VW T5/T6","Dachträger erforderlich; Regel D nach Dachlänge (P2, P3); 270°/180°-Schirm umschließt Seite + Heck (P5)",manuell,"Dachträger universal, 6 Arme",https://shop.vickywood.com,shop.vickywood.com
Vickywood,270° Markise LIGHT LEAF,"270°-Markise, freitragend, Leichtbau-EVA-Gehäuse",Offroad/Dachzelt,DE,200.0,181.0,26.3,1199.0,dach,True,D2,SUV / Geländewagen mittlerer Größe,"Defender 90/110, Jeep Wrangler, RAV4, Tiguan, Pickup Einzelkabine","Dachträger erforderlich; Regel D nach Dachlänge (P2, P3); 270°/180°-Schirm umschließt Seite + Heck (P5)",manuell,Dachträger universal,https://shop.vickywood.com,shop.vickywood.com
Vickywood,180° Markise LEAF,"180°-Markise, freitragend, LED",Offroad/Dachzelt,DE,150.0,134.0,14.3,749.0,dach,True,D1,Kompakt-SUV / Hochdachkombi (Heck oder Seite),"Suzuki Jimny, Dacia Duster, Caddy; auch Heckmontage","Dachträger erforderlich; Regel D nach Dachlänge (P2, P3); 270°/180°-Schirm umschließt Seite + Heck (P5)",manuell,"Dachträger universal, Seite oder Heck",https://shop.vickywood.com,shop.vickywood.com
Vickywood,180° Markise LEAF,"180°-Markise, freitragend, LED",Offroad/Dachzelt,DE,200.0,165.0,18.2,999.0,dach,True,D2,SUV / Geländewagen mittlerer Größe,"Defender 90/110, Jeep Wrangler, RAV4, Tiguan, Pickup Einzelkabine","Dachträger erforderlich; Regel D nach Dachlänge (P2, P3); 270°/180°-Schirm umschließt Seite + Heck (P5)",manuell,"Dachträger universal, Seite oder Heck",https://shop.vickywood.com,shop.vickywood.com
Vickywood,BRANCH 270° Hardcover RUGGED,"270°-Markise, Hardcover (Alu/ABS), freitragend",Offroad/Dachzelt,DE,200.0,,21.2,999.0,dach,True,D2,SUV / Geländewagen mittlerer Größe,"Defender 90/110, Jeep Wrangler, RAV4, Tiguan, Pickup Einzelkabine","Dachträger erforderlich; Regel D nach Dachlänge (P2, P3); 270°/180°-Schirm umschließt Seite + Heck (P5)",manuell,Dachträger universal; Aufbau ~15 s; LED,https://shop.vickywood.com,shop.vickywood.com
Vickywood,BRANCH 270° Hardcover RUGGED,"270°-Markise, Hardcover (Alu/ABS), freitragend",Offroad/Dachzelt,DE,250.0,,,1199.0,dach,True,D3,Großer Geländewagen / Pickup Doppelkabine / Bus,"Land Cruiser, Defender 110/130, Ranger/Hilux/Amarok DoKa, VW T5/T6","Dachträger erforderlich; Regel D nach Dachlänge (P2, P3); 270°/180°-Schirm umschließt Seite + Heck (P5)",manuell,Dachträger universal; Aufbau ~15 s; LED,https://shop.vickywood.com,shop.vickywood.com
Vickywood,BRANCH 270° Hardcover CLEAN,"270°-Markise, Hardcover (ABS), freitragend",Offroad/Dachzelt,DE,200.0,,20.9,999.0,dach,True,D2,SUV / Geländewagen mittlerer Größe,"Defender 90/110, Jeep Wrangler, RAV4, Tiguan, Pickup Einzelkabine","Dachträger erforderlich; Regel D nach Dachlänge (P2, P3); 270°/180°-Schirm umschließt Seite + Heck (P5)",manuell,Dachträger universal; LED,https://shop.vickywood.com,shop.vickywood.com
Vickywood,BRANCH 270° Softcover,"270°-Markise, Softcover, freitragend",Offroad/Dachzelt,DE,200.0,,17.6,799.0,dach,True,D2,SUV / Geländewagen mittlerer Größe,"Defender 90/110, Jeep Wrangler, RAV4, Tiguan, Pickup Einzelkabine","Dachträger erforderlich; Regel D nach Dachlänge (P2, P3); 270°/180°-Schirm umschließt Seite + Heck (P5)",manuell,Dachträger universal; LED mit USB,https://shop.vickywood.com,shop.vickywood.com
Vickywood,BRANCH 270° Softcover,"270°-Markise, Softcover, freitragend",Offroad/Dachzelt,DE,250.0,,,999.0,dach,True,D3,Großer Geländewagen / Pickup Doppelkabine / Bus,"Land Cruiser, Defender 110/130, Ranger/Hilux/Amarok DoKa, VW T5/T6","Dachträger erforderlich; Regel D nach Dachlänge (P2, P3); 270°/180°-Schirm umschließt Seite + Heck (P5)",manuell,Dachträger universal; LED mit USB,https://shop.vickywood.com,shop.vickywood.com
Vickywood,BRANCH AUTOMATIC 2M,"Seitenmarkise (Kassette), halbautomatischer Einzug",Offroad/Dachzelt,DE,200.0,200.0,19.0,849.0,dach,True,D2,SUV / Geländewagen mittlerer Größe,"Defender 90/110, Jeep Wrangler, RAV4, Tiguan, Pickup Einzelkabine","Dachträger erforderlich; Regel D nach Dachlänge (P2, P3)",halbautomatisch (federunterstützt),"Dachträger, beidseitig; LED",https://shop.vickywood.com,shop.vickywood.com
Vickywood,Heck-/Seitenmarkise (Sackmarkise),Sackmarkise / Seitenmarkise,Offroad/Dachzelt,DE,140.0,200.0,7.2,329.0,dach,True,D1,Kompakt-SUV / Hochdachkombi (Heck oder Seite),"Suzuki Jimny, Dacia Duster, Caddy; auch Heckmontage","Dachträger erforderlich; Regel D nach Dachlänge (P2, P3)",manuell,"Dachträger universal, Teleskopstangen bis ~210 cm",https://shop.vickywood.com,shop.vickywood.com
Vickywood,Heck-/Seitenmarkise (Sackmarkise),Sackmarkise / Seitenmarkise,Offroad/Dachzelt,DE,160.0,200.0,,,dach,True,D2,SUV / Geländewagen mittlerer Größe,"Defender 90/110, Jeep Wrangler, RAV4, Tiguan, Pickup Einzelkabine","Dachträger erforderlich; Regel D nach Dachlänge (P2, P3)",manuell,"Dachträger universal, Teleskopstangen bis ~210 cm",https://shop.vickywood.com,shop.vickywood.com
Vickywood,Heck-/Seitenmarkise (Sackmarkise),Sackmarkise / Seitenmarkise,Offroad/Dachzelt,DE,200.0,200.0,,,dach,True,D2,SUV / Geländewagen mittlerer Größe,"Defender 90/110, Jeep Wrangler, RAV4, Tiguan, Pickup Einzelkabine","Dachträger erforderlich; Regel D nach Dachlänge (P2, P3)",manuell,"Dachträger universal, Teleskopstangen bis ~210 cm",https://shop.vickywood.com,shop.vickywood.com
Vickywood,Heck-/Seitenmarkise (Sackmarkise),Sackmarkise / Seitenmarkise,Offroad/Dachzelt,DE,250.0,200.0,16.0,399.0,dach,True,D3,Großer Geländewagen / Pickup Doppelkabine / Bus,"Land Cruiser, Defender 110/130, Ranger/Hilux/Amarok DoKa, VW T5/T6","Dachträger erforderlich; Regel D nach Dachlänge (P2, P3)",manuell,"Dachträger universal, Teleskopstangen bis ~210 cm",https://shop.vickywood.com,shop.vickywood.com
Campwerk,270° Markisen Set,"270°-Markise, freitragend (Klappfüße)",Offroad/Dachzelt,DE,,,19.7,1280.0,dach,True,D?,SUV / Geländewagen / Pickup / Van mit Dachträger,je nach Dachlänge - siehe Regeln D1-D4,Dachträger erforderlich; Länge unbekannt; 270°/180°-Schirm umschließt Seite + Heck (P5),manuell,Dachträger; 320 g/m² Ripstop PU,https://www.campwerk.de,campwerk.de
Campwerk,180° Kompakt Markise Set,"180°-Markise, freitragend",Offroad/Dachzelt,DE,,,20.6,980.0,dach,True,D?,SUV / Geländewagen / Pickup / Van mit Dachträger,je nach Dachlänge - siehe Regeln D1-D4,Dachträger erforderlich; Länge unbekannt; 270°/180°-Schirm umschließt Seite + Heck (P5),manuell,Dachträger; Wand-Set separat (498 EUR),https://www.campwerk.de,campwerk.de
Campwerk,Markise Shadow,Seitenmarkise (gerade),Offroad/Dachzelt,DE,140.0,230.0,10.0,299.0,dach,True,D1,Kompakt-SUV / Hochdachkombi (Heck oder Seite),"Suzuki Jimny, Dacia Duster, Caddy; auch Heckmontage","Dachträger erforderlich; Regel D nach Dachlänge (P2, P3)",manuell,Dachträger; max. Höhe 210 cm,https://www.campwerk.de,campwerk.de
Campwerk,Markise Shadow,Seitenmarkise (gerade),Offroad/Dachzelt,DE,200.0,250.0,14.0,449.0,dach,True,D2,SUV / Geländewagen mittlerer Größe,"Defender 90/110, Jeep Wrangler, RAV4, Tiguan, Pickup Einzelkabine","Dachträger erforderlich; Regel D nach Dachlänge (P2, P3)",manuell,Dachträger; max. Höhe 210 cm,https://www.campwerk.de,campwerk.de
Campwerk,Markise Shadow,Seitenmarkise (gerade),Offroad/Dachzelt,DE,250.0,250.0,16.0,449.0,dach,True,D3,Großer Geländewagen / Pickup Doppelkabine / Bus,"Land Cruiser, Defender 110/130, Ranger/Hilux/Amarok DoKa, VW T5/T6","Dachträger erforderlich; Regel D nach Dachlänge (P2, P3)",manuell,Dachträger; max. Höhe 210 cm,https://www.campwerk.de,campwerk.de
Campwerk,Exoshell 270° Markise Set,"270°-Markise, freitragend (6 Standfüße)",Offroad/Dachzelt,DE,499.0,390.0,30.0,1980.0,dach,True,D4,Langer Van / Expeditionsmobil,"T5/T6 lang, Sprinter/Crafter, Expeditionsmobile","Dachträger erforderlich; Regel D nach Dachlänge (P2, P3); 270°/180°-Schirm umschließt Seite + Heck (P5)",manuell,"Dachträger; 11,2 m², Höhe 231 cm",https://www.campwerk.de,campwerk.de
Gordigear,Gumtree Automarkise,"Seitenmarkise (gerade), Schnellspann-Alurahmen",Offroad/Dachzelt,DE,140.0,200.0,8.0,240.0,dach,True,D1,Kompakt-SUV / Hochdachkombi (Heck oder Seite),"Suzuki Jimny, Dacia Duster, Caddy; auch Heckmontage","Dachträger erforderlich; Regel D nach Dachlänge (P2, P3)",manuell,Dachträger universal; Höhe 210 cm,https://www.gordigear.com,gordigear.com
Gordigear,Gumtree Automarkise,"Seitenmarkise (gerade), Schnellspann-Alurahmen",Offroad/Dachzelt,DE,200.0,200.0,10.0,300.0,dach,True,D2,SUV / Geländewagen mittlerer Größe,"Defender 90/110, Jeep Wrangler, RAV4, Tiguan, Pickup Einzelkabine","Dachträger erforderlich; Regel D nach Dachlänge (P2, P3)",manuell,Dachträger universal; Höhe 210 cm,https://www.gordigear.com,gordigear.com
Gordigear,Gumtree Automarkise,"Seitenmarkise (gerade), Schnellspann-Alurahmen",Offroad/Dachzelt,DE,250.0,200.0,12.0,300.0,dach,True,D3,Großer Geländewagen / Pickup Doppelkabine / Bus,"Land Cruiser, Defender 110/130, Ranger/Hilux/Amarok DoKa, VW T5/T6","Dachträger erforderlich; Regel D nach Dachlänge (P2, P3)",manuell,Dachträger universal; Höhe 210 cm,https://www.gordigear.com,gordigear.com
Gordigear,Automarkise 250 Schönwetter-Set,Seitenmarkise mit Moskitonetzraum,Offroad/Dachzelt,DE,250.0,200.0,15.0,370.0,dach,True,D3,Großer Geländewagen / Pickup Doppelkabine / Bus,"Land Cruiser, Defender 110/130, Ranger/Hilux/Amarok DoKa, VW T5/T6","Dachträger erforderlich; Regel D nach Dachlänge (P2, P3)",manuell,Dachträger universal,https://www.gordigear.com,gordigear.com
Prime Tech,Prime Wing 270°,270°-Markise (4 Segmente) mit Stützen,Offroad/Dachzelt,DE,250.0,,,339.0,dach,True,D3,Großer Geländewagen / Pickup Doppelkabine / Bus,"Land Cruiser, Defender 110/130, Ranger/Hilux/Amarok DoKa, VW T5/T6","Dachträger erforderlich; Regel D nach Dachlänge (P2, P3); 270°/180°-Schirm umschließt Seite + Heck (P5)",manuell,Dachträger oder Dachzeltschiene,https://prime-tech.de,prime-tech.de (Aktionspreise ab 169 EUR)
Prime Tech,Prime Wing Pro 270°,270°-Markise mit Stützen,Offroad/Dachzelt,DE,250.0,,,339.0,dach,True,D3,Großer Geländewagen / Pickup Doppelkabine / Bus,"Land Cruiser, Defender 110/130, Ranger/Hilux/Amarok DoKa, VW T5/T6","Dachträger erforderlich; Regel D nach Dachlänge (P2, P3); 270°/180°-Schirm umschließt Seite + Heck (P5)",manuell,Dachträger; Seitenwände separat,https://prime-tech.de,prime-tech.de
Prime Tech,Fahrzeug-Markise Pro-Line,Seitenmarkise / Sackmarkise,Offroad/Dachzelt,DE,150.0,200.0,,119.0,dach,True,D1,Kompakt-SUV / Hochdachkombi (Heck oder Seite),"Suzuki Jimny, Dacia Duster, Caddy; auch Heckmontage","Dachträger erforderlich; Regel D nach Dachlänge (P2, P3)",manuell,Dachträger; Höhe 210 cm,https://prime-tech.de,prime-tech.de
Prime Tech,Fahrzeug-Markise Pro-Line,Seitenmarkise / Sackmarkise,Offroad/Dachzelt,DE,200.0,200.0,,,dach,True,D2,SUV / Geländewagen mittlerer Größe,"Defender 90/110, Jeep Wrangler, RAV4, Tiguan, Pickup Einzelkabine","Dachträger erforderlich; Regel D nach Dachlänge (P2, P3)",manuell,Dachträger; Höhe 210 cm,https://prime-tech.de,prime-tech.de
Prime Tech,Fahrzeug-Markise Pro-Line,Seitenmarkise / Sackmarkise,Offroad/Dachzelt,DE,250.0,200.0,,,dach,True,D3,Großer Geländewagen / Pickup Doppelkabine / Bus,"Land Cruiser, Defender 110/130, Ranger/Hilux/Amarok DoKa, VW T5/T6","Dachträger erforderlich; Regel D nach Dachlänge (P2, P3)",manuell,Dachträger; Höhe 210 cm,https://prime-tech.de,prime-tech.de
Prime Tech,Fahrzeug-Markise Base-Line,Seitenmarkise / Sackmarkise,Offroad/Dachzelt,DE,150.0,200.0,,119.0,dach,True,D1,Kompakt-SUV / Hochdachkombi (Heck oder Seite),"Suzuki Jimny, Dacia Duster, Caddy; auch Heckmontage","Dachträger erforderlich; Regel D nach Dachlänge (P2, P3)",manuell,Dachträger; Seitenwände separat,https://prime-tech.de,prime-tech.de
Prime Tech,Fahrzeug-Markise Base-Line,Seitenmarkise / Sackmarkise,Offroad/Dachzelt,DE,200.0,200.0,,,dach,True,D2,SUV / Geländewagen mittlerer Größe,"Defender 90/110, Jeep Wrangler, RAV4, Tiguan, Pickup Einzelkabine","Dachträger erforderlich; Regel D nach Dachlänge (P2, P3)",manuell,Dachträger; Seitenwände separat,https://prime-tech.de,prime-tech.de
Prime Tech,Fahrzeug-Markise Base-Line,Seitenmarkise / Sackmarkise,Offroad/Dachzelt,DE,250.0,200.0,,,dach,True,D3,Großer Geländewagen / Pickup Doppelkabine / Bus,"Land Cruiser, Defender 110/130, Ranger/Hilux/Amarok DoKa, VW T5/T6","Dachträger erforderlich; Regel D nach Dachlänge (P2, P3)",manuell,Dachträger; Seitenwände separat,https://prime-tech.de,prime-tech.de
Prime Tech,Fahrzeugmarkise 250 Set mit Seitenwänden,Seitenmarkise (gerade) inkl. Seitenwände,Offroad/Dachzelt,DE,250.0,200.0,,325.0,dach,True,D3,Großer Geländewagen / Pickup Doppelkabine / Bus,"Land Cruiser, Defender 110/130, Ranger/Hilux/Amarok DoKa, VW T5/T6","Dachträger erforderlich; Regel D nach Dachlänge (P2, P3)",manuell,Dachträger; Aufbaumaß 250 x 200 x 210 cm,https://prime-tech.de,prime-tech.de
Reimo,Charly Bus-Sonnenvordach,Sackmarkise / Sonnenvordach,Van/Wohnmobil,DE,255.0,240.0,,73.0,kederschiene,False,B1,Campingbus mit Kederschiene,"VW T4/T5/T6 mit Kederschiene/Regenrinne, Minicamper","Einzug in Kederschiene, mit Aufstellstangen (P7)",manuell,"Kederschiene / Dachrand, Aufstellstangen",https://www.reimo.com,reimo.com
Reimo,Charlyne Sonnenvordach Minicamper,Sackmarkise / Sonnenvordach,Van/Wohnmobil,DE,220.0,240.0,,69.0,kederschiene,False,B1,Campingbus mit Kederschiene,"VW T4/T5/T6 mit Kederschiene/Regenrinne, Minicamper","Einzug in Kederschiene, mit Aufstellstangen (P7)",manuell,"Kederschiene, Aufstellstangen",https://www.camping-factory.com,camping-factory.com
Reimo,Palm Beach 2/3.0 Sonnendach,Sonnensegel / Vordach,Van/Wohnmobil,DE,300.0,240.0,,,kederschiene,False,B1,Campingbus mit Kederschiene,"VW T4/T5/T6 mit Kederschiene/Regenrinne, Minicamper","Einzug in Kederschiene, mit Aufstellstangen (P7)",manuell,"Kederschiene, Aufstellstangen",https://shop.reimo-pan.de,reimo-pan.de
Obelink (Hausmarke),Markies Sackmarkise,Sackmarkise (PVC),Wohnwagen,NL,200.0,250.0,,229.0,kederschiene,False,K1,"Kleine Wohnwagen bis ~4,5 m Aufbau","Eriba Touring, Hobby 400",Regel K: Länge nach Aufbaulänge/Umlaufmaß; gerades Schienenstück nötig (P7),manuell,Kederschiene (gerades Schienenstück nötig),https://www.obelink.de,obelink.de
Obelink (Hausmarke),Markies Sackmarkise,Sackmarkise (PVC),Wohnwagen,NL,240.0,250.0,,239.0,kederschiene,False,K2,"Wohnwagen ~4,5-5,5 m Aufbau","Hobby De Luxe 460, Fendt Bianco 465",Regel K: Länge nach Aufbaulänge/Umlaufmaß; gerades Schienenstück nötig (P7),manuell,Kederschiene (gerades Schienenstück nötig),https://www.obelink.de,obelink.de
Obelink (Hausmarke),Markies Sackmarkise,Sackmarkise (PVC),Wohnwagen,NL,310.0,250.0,,289.0,kederschiene,False,K2,"Wohnwagen ~4,5-5,5 m Aufbau","Hobby De Luxe 460, Fendt Bianco 465",Regel K: Länge nach Aufbaulänge/Umlaufmaß; gerades Schienenstück nötig (P7),manuell,Kederschiene (gerades Schienenstück nötig),https://www.obelink.de,obelink.de
Obelink (Hausmarke),Markies Sackmarkise,Sackmarkise (PVC),Wohnwagen,NL,350.0,250.0,,319.0,kederschiene,False,K3,"Wohnwagen ~5,5-6,5 m Aufbau","Hobby 545/560, Knaus Südwind 500",Regel K: Länge nach Aufbaulänge/Umlaufmaß; gerades Schienenstück nötig (P7),manuell,Kederschiene (gerades Schienenstück nötig),https://www.obelink.de,obelink.de
Obelink (Hausmarke),Markies Sackmarkise,Sackmarkise (PVC),Wohnwagen,NL,400.0,250.0,,359.0,kederschiene,False,K3,"Wohnwagen ~5,5-6,5 m Aufbau","Hobby 545/560, Knaus Südwind 500",Regel K: Länge nach Aufbaulänge/Umlaufmaß; gerades Schienenstück nötig (P7),manuell,Kederschiene (gerades Schienenstück nötig),https://www.obelink.de,obelink.de
Obelink (Hausmarke),Markies Sackmarkise,Sackmarkise (PVC),Wohnwagen,NL,450.0,250.0,,399.0,kederschiene,False,K4,"Wohnwagen ~6,5-7 m Aufbau","Hobby 650, Fendt Opal 560",Regel K: Länge nach Aufbaulänge/Umlaufmaß; gerades Schienenstück nötig (P7),manuell,Kederschiene (gerades Schienenstück nötig),https://www.obelink.de,obelink.de
Obelink (Hausmarke),Markies Zip 400 mit Vorzelt,Sackmarkise mit anzippbarem Vorzelt,Wohnwagen,NL,400.0,250.0,,749.0,kederschiene,False,K3,"Wohnwagen ~5,5-6,5 m Aufbau","Hobby 545/560, Knaus Südwind 500",Regel K: Länge nach Aufbaulänge/Umlaufmaß; gerades Schienenstück nötig (P7),manuell,Kederschiene; UVP 835 EUR,https://www.obelink.de,obelink.de
Wigo Zelte,Rolli Plus Ambiente,Sackmarkise / Markisenzelt (volleingezogen),Wohnwagen,DE,,250.0,30.0,2779.0,kederschiene,False,K?,Wohnwagen (Kederschiene),Größe nach Umlaufmaß wählen,Länge unbekannt - Regel K1-K5 nach Aufbaulänge anwenden,manuell,Kederschiene; Größen 5-15 nach Umlaufmaß; 30-52 kg je Größe,https://wigo-zelte.de,wigo-zelte.de
Wigo Zelte,Rolli Plus Ambiente,Sackmarkise / Markisenzelt (volleingezogen),Wohnwagen,DE,,300.0,52.0,,kederschiene,False,K?,Wohnwagen (Kederschiene),Größe nach Umlaufmaß wählen,Länge unbekannt - Regel K1-K5 nach Aufbaulänge anwenden,manuell,Kederschiene; Größen 5-15 nach Umlaufmaß; 30-52 kg je Größe,https://wigo-zelte.de,wigo-zelte.de
Wigo Zelte,Rolli Plus Modul,Sackmarkise mit nachrüstbaren Wandmodulen,Wohnwagen,DE,250.0,250.0,12.0,1259.0,kederschiene,False,K2,"Wohnwagen ~4,5-5,5 m Aufbau","Hobby De Luxe 460, Fendt Bianco 465",Regel K: Länge nach Aufbaulänge/Umlaufmaß; gerades Schienenstück nötig (P7),manuell,Kederschiene; Basiselement + Modulwände,https://wigo-zelte.de,"wigo-zelte.de, cara-tech-24.eu"
Wigo Zelte,Rolli Plus Modul,Sackmarkise mit nachrüstbaren Wandmodulen,Wohnwagen,DE,250.0,300.0,19.5,,kederschiene,False,K2,"Wohnwagen ~4,5-5,5 m Aufbau","Hobby De Luxe 460, Fendt Bianco 465",Regel K: Länge nach Aufbaulänge/Umlaufmaß; gerades Schienenstück nötig (P7),manuell,Kederschiene; Basiselement + Modulwände,https://wigo-zelte.de,"wigo-zelte.de, cara-tech-24.eu"
ARCTA,Wing 270,"270°-Markise, freitragend",Offroad/Dachzelt,DE,200.0,,29.0,1290.0,dach,True,D2,SUV / Geländewagen mittlerer Größe,"Defender 90/110, Jeep Wrangler, RAV4, Tiguan, Pickup Einzelkabine","Dachträger erforderlich; Regel D nach Dachlänge (P2, P3); 270°/180°-Schirm umschließt Seite + Heck (P5)",manuell,"Dachträger (T-Nut); 10,2 m² (200) / 15,4 m² (250); 600D Oxford",https://www.arcta.de/products/wing-270,arcta.de
ARCTA,Wing 270,"270°-Markise, freitragend",Offroad/Dachzelt,DE,250.0,,35.0,1390.0,dach,True,D3,Großer Geländewagen / Pickup Doppelkabine / Bus,"Land Cruiser, Defender 110/130, Ranger/Hilux/Amarok DoKa, VW T5/T6","Dachträger erforderlich; Regel D nach Dachlänge (P2, P3); 270°/180°-Schirm umschließt Seite + Heck (P5)",manuell,"Dachträger (T-Nut); 10,2 m² (200) / 15,4 m² (250); 600D Oxford",https://www.arcta.de/products/wing-270,arcta.de
ARCTA,Curve 180,"180°-Markise, freitragend, LED",Offroad/Dachzelt,DE,200.0,,21.0,990.0,dach,True,D2,SUV / Geländewagen mittlerer Größe,"Defender 90/110, Jeep Wrangler, RAV4, Tiguan, Pickup Einzelkabine","Dachträger erforderlich; Regel D nach Dachlänge (P2, P3); 270°/180°-Schirm umschließt Seite + Heck (P5)",manuell,Dachträger (T-Nut); 8 m² (200) / 10 m² (250),https://www.arcta.de/products/curve-180,arcta.de
ARCTA,Curve 180,"180°-Markise, freitragend, LED",Offroad/Dachzelt,DE,250.0,,25.0,1190.0,dach,True,D3,Großer Geländewagen / Pickup Doppelkabine / Bus,"Land Cruiser, Defender 110/130, Ranger/Hilux/Amarok DoKa, VW T5/T6","Dachträger erforderlich; Regel D nach Dachlänge (P2, P3); 270°/180°-Schirm umschließt Seite + Heck (P5)",manuell,Dachträger (T-Nut); 8 m² (200) / 10 m² (250),https://www.arcta.de/products/curve-180,arcta.de
ARCTA,Shade PRO,"Seitenmarkise (gerade), freitragend",Offroad/Dachzelt,DE,200.0,200.0,18.0,690.0,dach,True,D2,SUV / Geländewagen mittlerer Größe,"Defender 90/110, Jeep Wrangler, RAV4, Tiguan, Pickup Einzelkabine","Dachträger erforderlich; Regel D nach Dachlänge (P2, P3)",halbautomatisch (Gasdruckfeder),Dachträger; Aufbau ~15 s; UPF 50+,https://www.arcta.de/products/shade-pro,arcta.de
ARCTA,Shade PRO,"Seitenmarkise (gerade), freitragend",Offroad/Dachzelt,DE,250.0,250.0,23.0,790.0,dach,True,D3,Großer Geländewagen / Pickup Doppelkabine / Bus,"Land Cruiser, Defender 110/130, Ranger/Hilux/Amarok DoKa, VW T5/T6","Dachträger erforderlich; Regel D nach Dachlänge (P2, P3)",halbautomatisch (Gasdruckfeder),Dachträger; Aufbau ~15 s; UPF 50+,https://www.arcta.de/products/shade-pro,arcta.de
ANEES,270° Markise freitragend,"270°-Markise, freitragend",Offroad/Dachzelt,DE,200.0,200.0,23.0,955.0,dach,True,D2,SUV / Geländewagen mittlerer Größe,"Defender 90/110, Jeep Wrangler, RAV4, Tiguan, Pickup Einzelkabine","Dachträger erforderlich; Regel D nach Dachlänge (P2, P3); 270°/180°-Schirm umschließt Seite + Heck (P5)",manuell,"Dachträger; ~8 m² (2,0 m) / ~12 m² (2,5 m)",https://dachzelte-kaufen.de,dachzelte-kaufen.de
ANEES,270° Markise freitragend,"270°-Markise, freitragend",Offroad/Dachzelt,DE,250.0,250.0,27.0,955.0,dach,True,D3,Großer Geländewagen / Pickup Doppelkabine / Bus,"Land Cruiser, Defender 110/130, Ranger/Hilux/Amarok DoKa, VW T5/T6","Dachträger erforderlich; Regel D nach Dachlänge (P2, P3); 270°/180°-Schirm umschließt Seite + Heck (P5)",manuell,"Dachträger; ~8 m² (2,0 m) / ~12 m² (2,5 m)",https://dachzelte-kaufen.de,dachzelte-kaufen.de
ANEES,270° Markise Extended,"270°-Markise, freitragend, verlängert",Offroad/Dachzelt,DE,,,,1295.0,dach,True,D?,SUV / Geländewagen / Pickup / Van mit Dachträger,je nach Dachlänge - siehe Regeln D1-D4,Dachträger erforderlich; Länge unbekannt; 270°/180°-Schirm umschließt Seite + Heck (P5),manuell,Dachträger,https://dachzelte-kaufen.de,dachzelte-kaufen.de
ANEES,180° Markise freitragend,"180°-Markise, freitragend",Offroad/Dachzelt,DE,210.0,,,875.0,dach,True,D2,SUV / Geländewagen mittlerer Größe,"Defender 90/110, Jeep Wrangler, RAV4, Tiguan, Pickup Einzelkabine","Dachträger erforderlich; Regel D nach Dachlänge (P2, P3); 270°/180°-Schirm umschließt Seite + Heck (P5)",manuell,Dachträger,https://dachzelte-kaufen.de,dachzelte-kaufen.de
ANEES,Square Markise / Light Awning,Seitenmarkise (Sackmarkise),Offroad/Dachzelt,DE,,,,675.0,dach,True,D?,SUV / Geländewagen / Pickup / Van mit Dachträger,je nach Dachlänge - siehe Regeln D1-D4,Dachträger erforderlich; Länge unbekannt,manuell,Dachträger,https://dachzelte-kaufen.de,dachzelte-kaufen.de
ANEES,Square Markise / Light Awning,Seitenmarkise (Sackmarkise),Offroad/Dachzelt,DE,,,,345.0,dach,True,D?,SUV / Geländewagen / Pickup / Van mit Dachträger,je nach Dachlänge - siehe Regeln D1-D4,Dachträger erforderlich; Länge unbekannt,manuell,Dachträger,https://dachzelte-kaufen.de,dachzelte-kaufen.de
WILDED,Markise 180 / 270,"180°/270°-Markise, freistehend, LED",Offroad/Dachzelt,AT,250.0,250.0,20.0,990.0,dach,True,D3,Großer Geländewagen / Pickup Doppelkabine / Bus,"Land Cruiser, Defender 110/130, Ranger/Hilux/Amarok DoKa, VW T5/T6","Dachträger erforderlich; Regel D nach Dachlänge (P2, P3); 270°/180°-Schirm umschließt Seite + Heck (P5)",manuell,Dachträger,https://wilded.at/produkt/markise/,wilded.at
WILDED,Markise 180 / 270,"180°/270°-Markise, freistehend, LED",Offroad/Dachzelt,AT,250.0,250.0,20.0,1330.0,dach,True,D3,Großer Geländewagen / Pickup Doppelkabine / Bus,"Land Cruiser, Defender 110/130, Ranger/Hilux/Amarok DoKa, VW T5/T6","Dachträger erforderlich; Regel D nach Dachlänge (P2, P3); 270°/180°-Schirm umschließt Seite + Heck (P5)",manuell,Dachträger,https://wilded.at/produkt/markise/,wilded.at
Dare To Be Different Outdoor,Penta Markise 270,"270°-Markise mit Stützen, Seitenwände optional",Offroad/Dachzelt,DE,255.0,,15.0,,dach,True,D3,Großer Geländewagen / Pickup Doppelkabine / Bus,"Land Cruiser, Defender 110/130, Ranger/Hilux/Amarok DoKa, VW T5/T6","Dachträger erforderlich; Regel D nach Dachlänge (P2, P3); 270°/180°-Schirm umschließt Seite + Heck (P5)",manuell,Dachträger,https://dtbdoutdoor.eu,matsch-und-piste.de
OZtent,Foxwing 270 Serie II,270°-Markise mit Stützen (links/rechts),Offroad/Dachzelt,AU,250.0,250.0,21.0,898.0,dach,True,D3,Großer Geländewagen / Pickup Doppelkabine / Bus,"Land Cruiser, Defender 110/130, Ranger/Hilux/Amarok DoKa, VW T5/T6","Dachträger erforderlich; Regel D nach Dachlänge (P2, P3); 270°/180°-Schirm umschließt Seite + Heck (P5)",manuell,Dachträger,https://shop.xp-edition.eu,"thegreenmonkey.de, xp-edition.eu"
Howling Moon,Swing Awn 270 (6 Arm),"270°-Markise, freistehend",Offroad/Dachzelt,ZA,250.0,,,1350.0,dach,True,D3,Großer Geländewagen / Pickup Doppelkabine / Bus,"Land Cruiser, Defender 110/130, Ranger/Hilux/Amarok DoKa, VW T5/T6","Dachträger erforderlich; Regel D nach Dachlänge (P2, P3); 270°/180°-Schirm umschließt Seite + Heck (P5)",manuell,Dachträger (LH/RH),https://thegreenmonkey.de/collections/howling-moon,worldcamper-shop.de
Howling Moon,Safari Markise,Seitenmarkise (Sackmarkise),Offroad/Dachzelt,ZA,210.0,,,,dach,True,D2,SUV / Geländewagen mittlerer Größe,"Defender 90/110, Jeep Wrangler, RAV4, Tiguan, Pickup Einzelkabine","Dachträger erforderlich; Regel D nach Dachlänge (P2, P3)",manuell,Dachträger,https://www.worldcamper-shop.de,worldcamper-shop.de
Howling Moon,Safari Markise,Seitenmarkise (Sackmarkise),Offroad/Dachzelt,ZA,250.0,,,,dach,True,D3,Großer Geländewagen / Pickup Doppelkabine / Bus,"Land Cruiser, Defender 110/130, Ranger/Hilux/Amarok DoKa, VW T5/T6","Dachträger erforderlich; Regel D nach Dachlänge (P2, P3)",manuell,Dachträger,https://www.worldcamper-shop.de,worldcamper-shop.de
Eezi-Awn,Bat 270,"270°-Markise, freistehend",Offroad/Dachzelt,ZA,200.0,,,,dach,True,D2,SUV / Geländewagen mittlerer Größe,"Defender 90/110, Jeep Wrangler, RAV4, Tiguan, Pickup Einzelkabine","Dachträger erforderlich; Regel D nach Dachlänge (P2, P3); 270°/180°-Schirm umschließt Seite + Heck (P5)",manuell,Dachträger,https://eezi-awn.com/de/product-category/markisen/,eezi-awn.com (dt. Shop)
Eezi-Awn,Bat 270,"270°-Markise, freistehend",Offroad/Dachzelt,ZA,250.0,,,,dach,True,D3,Großer Geländewagen / Pickup Doppelkabine / Bus,"Land Cruiser, Defender 110/130, Ranger/Hilux/Amarok DoKa, VW T5/T6","Dachträger erforderlich; Regel D nach Dachlänge (P2, P3); 270°/180°-Schirm umschließt Seite + Heck (P5)",manuell,Dachträger,https://eezi-awn.com/de/product-category/markisen/,eezi-awn.com (dt. Shop)
Eezi-Awn,Series 1000/2000 Seitenmarkise,Seitenmarkise (Sackmarkise),Offroad/Dachzelt,ZA,140.0,200.0,,,dach,True,D1,Kompakt-SUV / Hochdachkombi (Heck oder Seite),"Suzuki Jimny, Dacia Duster, Caddy; auch Heckmontage","Dachträger erforderlich; Regel D nach Dachlänge (P2, P3)",manuell,Dachträger,https://eezi-awn.com/de/product-category/markisen/,eezi-awn.com
Eezi-Awn,Series 1000/2000 Seitenmarkise,Seitenmarkise (Sackmarkise),Offroad/Dachzelt,ZA,200.0,200.0,,,dach,True,D2,SUV / Geländewagen mittlerer Größe,"Defender 90/110, Jeep Wrangler, RAV4, Tiguan, Pickup Einzelkabine","Dachträger erforderlich; Regel D nach Dachlänge (P2, P3)",manuell,Dachträger,https://eezi-awn.com/de/product-category/markisen/,eezi-awn.com
Eezi-Awn,Series 1000/2000 Seitenmarkise,Seitenmarkise (Sackmarkise),Offroad/Dachzelt,ZA,250.0,200.0,,,dach,True,D3,Großer Geländewagen / Pickup Doppelkabine / Bus,"Land Cruiser, Defender 110/130, Ranger/Hilux/Amarok DoKa, VW T5/T6","Dachträger erforderlich; Regel D nach Dachlänge (P2, P3)",manuell,Dachträger,https://eezi-awn.com/de/product-category/markisen/,eezi-awn.com
Bushwakka,Extreme 270 / Awning 270,"270°-Markise, freistehend, LED",Offroad/Dachzelt,ZA,,270.0,30.0,1989.0,dach,True,D?,SUV / Geländewagen / Pickup / Van mit Dachträger,je nach Dachlänge - siehe Regeln D1-D4,Dachträger erforderlich; Länge unbekannt; 270°/180°-Schirm umschließt Seite + Heck (P5),manuell,Dachträger,https://camp-impuls.store,"camp-impuls.store, mycamperbox.de"
CampBoss,Boss Shadow 270 / 270XL,"270°-Markise, freistehend (XL mit Zelteingang)",Offroad/Dachzelt,AU,,,,,dach,True,D?,SUV / Geländewagen / Pickup / Van mit Dachträger,je nach Dachlänge - siehe Regeln D1-D4,Dachträger erforderlich; Länge unbekannt; 270°/180°-Schirm umschließt Seite + Heck (P5),manuell,Dachträger,https://campboss.com,gpc-offroad.com (EU-Händler)
Tentco,Seiten-/Heckmarkise,"Seitenmarkise, auch als Heckmarkise",Offroad/Dachzelt,ZA,,,,,dach,True,D?,SUV / Geländewagen / Pickup / Van mit Dachträger,je nach Dachlänge - siehe Regeln D1-D4,Dachträger erforderlich; Länge unbekannt,manuell,Dachträger,https://www.tour-tec.de,tour-tec.de
Wild Land,270° Car Awning,270°-Markise (links/rechts),Offroad/Dachzelt,CN,,,,,dach,True,D?,SUV / Geländewagen / Pickup / Van mit Dachträger,je nach Dachlänge - siehe Regeln D1-D4,Dachträger erforderlich; Länge unbekannt; 270°/180°-Schirm umschließt Seite + Heck (P5),manuell,Dachträger,https://www.iwildland.com,"kolumbusparts.ch, brack.ch"
Wild Land,Awning in a Box,Kassettenmarkise (Dachträgermontage),Offroad/Dachzelt,CN,,,,,dach,True,D?,SUV / Geländewagen / Pickup / Van mit Dachträger,je nach Dachlänge - siehe Regeln D1-D4,Dachträger erforderlich; Länge unbekannt,manuell,Dachträger,https://www.obelink.de/wild-land-awning-in-a-box-kassettenmarkise.html,obelink.de
Fjordsen,Sonnensegel Light 220 / Air XL,Sonnensegel/Vordach für Fjordsen-Dachzelte,Offroad/Dachzelt,DE,220.0,,,,wand,False,S5,Dachzelt-Anbau,Nur Fjordsen-Dachzelte (Light 140 / Air XL),Kein universeller Anbau - gehört zum Dachzelt,manuell,Anbau am Fjordsen-Dachzelt,https://gearscout.de,gearscout.de
Qeedo,Quick Motor Free / Pro,"Markisenvorzelt / Busvorzelt, freistehend (Quick-Up)",Vorzelt/Zubehör,DE,,,,250.0,wand,False,V1,Campingbus/Kastenwagen (Vorzelt),"VW T5/T6, Ducato-Kastenwagen u.a. (Anbauhöhe ~180-290 cm je Variante)","Freistehendes Drive-Away-Vorzelt, Fahrzeug bleibt abkoppelbar",manuell,Freistehend neben Bus/Van (Drive-Away),https://www.qeedo.de,"qeedo.de, amazon.de"
Quechua (Decathlon),Van Connect Air Seconds Fresh,Aufblasbares Vorzelt für Vans,Vorzelt/Zubehör,FR,,,,400.0,wand,False,V1,Kompaktvan (Vorzelt),"VW T5/T6/Caddy, Vans mit Heckklappe/Kederschiene","Aufblasbares Vorzelt, andockbar",manuell (Pumpe),Kederschiene/Markise andockbar,https://www.decathlon.de,decathlon.de
Quechua (Decathlon),Van Connect Air Seconds Fresh,Aufblasbares Vorzelt für Vans,Vorzelt/Zubehör,FR,,,,300.0,wand,False,V1,Kompaktvan (Vorzelt),"VW T5/T6/Caddy, Vans mit Heckklappe/Kederschiene","Aufblasbares Vorzelt, andockbar",manuell (Pumpe),Kederschiene/Markise andockbar,https://www.decathlon.de,decathlon.de
Vango,HexAway Pro Air (Drive-Away),Aufblasbares Markisenvorzelt (AirBeam),Vorzelt/Zubehör,GB,,,,600.0,wand,False,V1,Campingbus/Wohnmobil (Vorzelt),"Vans/Wohnmobile, Anbauhöhe ca. 180-240 cm",Aufblasbares Drive-Away-Vorzelt,manuell (Pumpe),Andocken an Kederschiene/Markise,https://www.campingplus.de,campingplus.de
Outdoor Revolution,Movelite T2E / T3E / T4E,Aufblasbares Markisenvorzelt (Drive-Away),Vorzelt/Zubehör,GB,,,,,wand,False,V1,Campingbus/Wohnmobil (Vorzelt),"Vans/Wohnmobile, Anbauhöhe je Modell 180-255 cm",Aufblasbares Drive-Away-Vorzelt,manuell (Pumpe),Andocken an Kederschiene/Markise,https://www.obelink.de,"obelink.de, campingwagner.de"
